Run,Time,Living Students,Living Adults,Living Armed Adults,Living Unarmed Adults,Living Shooters,Dead Students,Dead Adults,Escaped Students
1,0.0,100,20,8,12,0,0,0,0
1,0.0,100,20,8,12,0,0,0,0
1,0.19,100,20,8,12,0,0,0,0
1,0.37,100,20,8,12,0,0,0,0
1,0.56,100,20,8,12,0,0,0,0
1,0.74,100,20,8,12,0,0,0,0
1,0.91,100,20,8,12,0,0,0,0
1,1.08,100,20,8,12,0,0,0,0
1,1.25,100,20,8,12,0,0,0,0
1,1.39,100,20,8,12,0,0,0,0
1,1.54,100,20,8,12,0,0,0,0
1,1.67,100,20,8,12,0,0,0,0
1,1.79,100,20,8,12,0,0,0,0
1,1.9,100,20,8,12,0,0,0,0
1,1.99,100,20,8,12,0,0,0,0
1,2.08,100,20,8,12,0,0,0,0
1,2.17,100,20,8,12,0,0,0,0
1,2.24,100,20,8,12,0,0,0,0
1,2.33,100,20,8,12,0,0,0,0
1,2.4,100,20,8,12,0,0,0,0
1,2.48,100,20,8,12,0,0,0,0
1,2.55,100,20,8,12,0,0,0,0
1,2.63,100,20,8,12,1,0,0,0
1,4.42,99,20,8,12,1,1,0,0
1,4.46,99,20,8,12,1,1,0,0
1,5.01,99,20,8,12,1,1,0,0
1,5.1,99,20,8,12,1,1,0,0
1,5.2,99,20,8,12,1,1,0,0
1,5.61,99,20,8,12,1,1,0,0
1,5.69,99,20,8,12,1,1,0,0
1,5.78,99,20,8,12,1,1,0,0
1,5.87,99,20,8,12,1,1,0,0
1,5.97,99,20,8,12,1,1,0,0
1,6.06,99,20,8,12,1,1,0,0
1,6.15,99,20,8,12,1,1,0,0
1,6.38,99,20,8,12,1,1,0,0
1,6.72,99,20,8,12,1,1,0,0
1,6.8,98,20,8,12,1,2,0,0
1,6.95,98,20,8,12,1,2,0,0
1,7.03,98,20,8,12,1,2,0,0
1,7.17,98,20,8,12,1,2,0,0
1,7.25,98,20,8,12,1,2,0,0
1,7.33,98,20,8,12,1,2,0,0
1,7.42,98,20,8,12,1,2,0,0
1,7.52,97,20,8,12,0,3,0,0
1,7.61,97,20,8,12,0,3,0,0
1,7.88,96,20,8,12,0,3,0,1
1,7.97,95,20,8,12,0,3,0,2
1,8.06,95,20,8,12,0,3,0,2
1,8.15,95,20,8,12,0,3,0,2
1,8.24,93,20,8,12,0,3,0,4
1,8.33,93,20,8,12,0,3,0,4
1,8.43,93,20,8,12,0,3,0,4
1,8.51,93,20,8,12,0,3,0,4
1,8.59,93,20,8,12,0,3,0,4
1,8.67,92,20,8,12,0,3,0,5
1,8.75,92,20,8,12,0,3,0,5
1,8.82,92,20,8,12,0,3,0,5
1,8.91,92,20,8,12,0,3,0,5
1,8.99,92,20,8,12,0,3,0,5
1,9.07,90,20,8,12,0,3,0,7
1,9.16,90,20,8,12,0,3,0,7
1,9.24,90,20,8,12,0,3,0,7
1,9.49,90,20,8,12,0,3,0,7
1,9.56,87,20,8,12,0,3,0,10
1,9.63,87,20,8,12,0,3,0,10
1,9.7,87,20,8,12,0,3,0,10
1,9.76,87,20,8,12,0,3,0,10
1,9.83,87,20,8,12,0,3,0,10
1,9.91,87,20,8,12,0,3,0,10
1,9.97,87,20,8,12,0,3,0,10
1,10.04,87,20,8,12,0,3,0,10
1,10.12,87,20,8,12,0,3,0,10
1,10.19,87,20,8,12,0,3,0,10
1,10.27,86,20,8,12,0,3,0,11
1,10.36,85,20,8,12,0,3,0,12
1,10.43,85,20,8,12,0,3,0,12
1,10.51,85,20,8,12,0,3,0,12
1,10.58,85,20,8,12,0,3,0,12
1,10.68,84,20,8,12,0,3,0,13
1,10.75,84,20,8,12,0,3,0,13
1,10.83,84,20,8,12,0,3,0,13
1,10.89,83,20,8,12,0,3,0,14
1,10.96,83,20,8,12,0,3,0,14
1,11.04,83,20,8,12,0,3,0,14
1,11.11,83,20,8,12,0,3,0,14
1,11.19,83,20,8,12,0,3,0,14
1,11.27,83,20,8,12,0,3,0,14
1,11.35,83,20,8,12,0,3,0,14
1,11.44,83,20,8,12,0,3,0,14
1,11.53,83,20,8,12,0,3,0,14
1,11.62,83,20,8,12,0,3,0,14
1,11.7,83,20,8,12,0,3,0,14
1,11.79,83,20,8,12,0,3,0,14
1,11.88,82,20,8,12,0,3,0,15
1,11.97,81,20,8,12,0,3,0,16
1,12.06,81,20,8,12,0,3,0,16
1,12.15,81,20,8,12,0,3,0,16
1,12.24,81,20,8,12,0,3,0,16
1,12.32,81,20,8,12,0,3,0,16
1,12.4,81,20,8,12,0,3,0,16
1,12.47,81,20,8,12,0,3,0,16
1,12.55,81,20,8,12,0,3,0,16
1,12.62,81,20,8,12,0,3,0,16
1,12.69,81,20,8,12,0,3,0,16
1,12.77,81,20,8,12,0,3,0,16
1,12.84,81,20,8,12,0,3,0,16
1,12.91,81,20,8,12,0,3,0,16
1,12.99,81,20,8,12,0,3,0,16
1,13.06,81,20,8,12,0,3,0,16
1,13.13,81,20,8,12,0,3,0,16
1,13.21,81,20,8,12,0,3,0,16
1,13.28,81,20,8,12,0,3,0,16
1,13.35,81,20,8,12,0,3,0,16
1,13.43,81,20,8,12,0,3,0,16
1,13.5,81,20,8,12,0,3,0,16
1,13.57,81,20,8,12,0,3,0,16
1,13.65,81,20,8,12,0,3,0,16
1,13.72,81,20,8,12,0,3,0,16
1,13.79,81,20,8,12,0,3,0,16
1,13.86,81,20,8,12,0,3,0,16
1,13.93,81,20,8,12,0,3,0,16
1,14.0,81,20,8,12,0,3,0,16
1,14.07,81,20,8,12,0,3,0,16
1,14.14,81,20,8,12,0,3,0,16
1,14.21,81,20,8,12,0,3,0,16
1,14.28,81,20,8,12,0,3,0,16
1,14.35,81,20,8,12,0,3,0,16
1,14.42,81,20,8,12,0,3,0,16
1,14.49,81,20,8,12,0,3,0,16
1,14.57,81,20,8,12,0,3,0,16
1,14.64,81,20,8,12,0,3,0,16
1,14.72,81,20,8,12,0,3,0,16
1,14.8,81,20,8,12,0,3,0,16
1,14.88,81,20,8,12,0,3,0,16
1,14.96,81,20,8,12,0,3,0,16
1,15.04,81,20,8,12,0,3,0,16
1,15.12,81,20,8,12,0,3,0,16
1,15.2,81,20,8,12,0,3,0,16
1,15.27,81,20,8,12,0,3,0,16
1,15.36,81,20,8,12,0,3,0,16
1,15.45,81,20,8,12,0,3,0,16
1,15.54,81,20,8,12,0,3,0,16
1,15.63,81,20,8,12,0,3,0,16
1,15.73,81,20,8,12,0,3,0,16
1,15.83,81,20,8,12,0,3,0,16
1,15.92,81,20,8,12,0,3,0,16
1,16.01,81,20,8,12,0,3,0,16
1,16.09,81,20,8,12,0,3,0,16
1,16.18,81,20,8,12,0,3,0,16
1,16.26,81,20,8,12,0,3,0,16
1,16.35,81,20,8,12,0,3,0,16
1,16.43,81,20,8,12,0,3,0,16
1,16.52,81,20,8,12,0,3,0,16
1,16.6,81,20,8,12,0,3,0,16
1,16.69,81,20,8,12,0,3,0,16
1,16.78,81,20,8,12,0,3,0,16
1,16.87,81,20,8,12,0,3,0,16
1,16.95,81,20,8,12,0,3,0,16
1,17.03,81,20,8,12,0,3,0,16
1,17.12,81,20,8,12,0,3,0,16
1,17.2,81,20,8,12,0,3,0,16
1,17.29,81,20,8,12,0,3,0,16
1,17.38,81,20,8,12,0,3,0,16
1,17.46,81,20,8,12,0,3,0,16
1,17.54,81,20,8,12,0,3,0,16
1,17.63,81,20,8,12,0,3,0,16
1,17.71,81,20,8,12,0,3,0,16
1,17.79,81,20,8,12,0,3,0,16
1,17.87,81,20,8,12,0,3,0,16
1,17.94,81,20,8,12,0,3,0,16
1,18.02,81,20,8,12,0,3,0,16
1,18.08,81,20,8,12,0,3,0,16
1,18.15,81,20,8,12,0,3,0,16
1,18.22,81,20,8,12,0,3,0,16
1,18.29,81,20,8,12,0,3,0,16
1,18.35,81,20,8,12,0,3,0,16
1,18.42,81,20,8,12,0,3,0,16
1,18.48,81,20,8,12,0,3,0,16
1,18.55,81,20,8,12,0,3,0,16
1,18.61,81,20,8,12,0,3,0,16
1,18.67,81,20,8,12,0,3,0,16
1,18.73,81,20,8,12,0,3,0,16
1,18.8,81,20,8,12,0,3,0,16
1,18.86,81,20,8,12,0,3,0,16
1,18.93,81,20,8,12,0,3,0,16
1,18.99,81,20,8,12,0,3,0,16
1,19.06,81,20,8,12,0,3,0,16
1,19.14,81,20,8,12,0,3,0,16
1,19.22,81,20,8,12,0,3,0,16
1,19.3,81,20,8,12,0,3,0,16
1,19.38,81,20,8,12,0,3,0,16
1,19.46,81,20,8,12,0,3,0,16
1,19.53,81,20,8,12,0,3,0,16
1,19.61,81,20,8,12,0,3,0,16
1,19.69,81,20,8,12,0,3,0,16
1,19.77,81,20,8,12,0,3,0,16
1,19.85,81,20,8,12,0,3,0,16
1,19.93,81,20,8,12,0,3,0,16
1,20.0,81,20,8,12,0,3,0,16
1,20.08,81,20,8,12,0,3,0,16
1,20.15,81,20,8,12,0,3,0,16
1,20.23,81,20,8,12,0,3,0,16
1,20.3,81,20,8,12,0,3,0,16
1,20.38,81,20,8,12,0,3,0,16
1,20.46,81,20,8,12,0,3,0,16
1,20.54,81,20,8,12,0,3,0,16
1,20.61,81,20,8,12,0,3,0,16
1,20.69,81,20,8,12,0,3,0,16
1,20.77,81,20,8,12,0,3,0,16
1,20.85,81,20,8,12,0,3,0,16
1,20.92,81,20,8,12,0,3,0,16
1,21.0,81,20,8,12,0,3,0,16
1,21.08,81,20,8,12,0,3,0,16
1,21.16,81,20,8,12,0,3,0,16
1,21.24,81,20,8,12,0,3,0,16
1,21.33,81,20,8,12,0,3,0,16
1,21.41,81,20,8,12,0,3,0,16
1,21.49,81,20,8,12,0,3,0,16
1,21.58,81,20,8,12,0,3,0,16
1,21.66,81,20,8,12,0,3,0,16
1,21.74,81,20,8,12,0,3,0,16
1,21.82,81,20,8,12,0,3,0,16
1,21.9,81,20,8,12,0,3,0,16
1,21.98,81,20,8,12,0,3,0,16
1,22.07,81,20,8,12,0,3,0,16
1,22.15,81,20,8,12,0,3,0,16
1,22.24,81,20,8,12,0,3,0,16
1,22.32,81,20,8,12,0,3,0,16
1,22.41,81,20,8,12,0,3,0,16
1,22.5,81,20,8,12,0,3,0,16
1,22.59,81,20,8,12,0,3,0,16
1,22.67,81,20,8,12,0,3,0,16
1,22.75,81,20,8,12,0,3,0,16
1,22.83,81,20,8,12,0,3,0,16
1,22.92,81,20,8,12,0,3,0,16
1,23.0,81,20,8,12,0,3,0,16
1,23.08,81,20,8,12,0,3,0,16
1,23.16,81,20,8,12,0,3,0,16
1,23.24,81,20,8,12,0,3,0,16
1,23.31,81,20,8,12,0,3,0,16
1,23.39,81,20,8,12,0,3,0,16
1,23.47,81,20,8,12,0,3,0,16
1,23.54,81,20,8,12,0,3,0,16
1,23.61,81,20,8,12,0,3,0,16
1,23.68,81,20,8,12,0,3,0,16
1,23.75,81,20,8,12,0,3,0,16
1,23.81,81,20,8,12,0,3,0,16
1,23.88,81,20,8,12,0,3,0,16
1,23.95,81,20,8,12,0,3,0,16
1,24.03,81,20,8,12,0,3,0,16
1,24.1,81,20,8,12,0,3,0,16
1,24.17,81,20,8,12,0,3,0,16
1,24.24,81,20,8,12,0,3,0,16
1,24.31,81,20,8,12,0,3,0,16
1,24.38,81,20,8,12,0,3,0,16
1,24.45,81,20,8,12,0,3,0,16
1,24.52,81,20,8,12,0,3,0,16
1,24.59,81,20,8,12,0,3,0,16
1,24.66,81,20,8,12,0,3,0,16
1,24.73,81,20,8,12,0,3,0,16
1,24.8,81,20,8,12,0,3,0,16
1,24.87,81,20,8,12,0,3,0,16
1,24.94,81,20,8,12,0,3,0,16
1,25.01,81,20,8,12,0,3,0,16
1,25.08,81,20,8,12,0,3,0,16
1,25.15,81,20,8,12,0,3,0,16
1,25.22,81,20,8,12,0,3,0,16
1,25.29,81,20,8,12,0,3,0,16
1,25.36,81,20,8,12,0,3,0,16
1,25.42,81,20,8,12,0,3,0,16
1,25.49,81,20,8,12,0,3,0,16
1,25.55,81,20,8,12,0,3,0,16
1,25.62,81,20,8,12,0,3,0,16
1,25.68,81,20,8,12,0,3,0,16
1,25.75,81,20,8,12,0,3,0,16
1,25.81,81,20,8,12,0,3,0,16
1,25.87,81,20,8,12,0,3,0,16
1,25.93,81,20,8,12,0,3,0,16
1,26.0,81,20,8,12,0,3,0,16
1,26.06,81,20,8,12,0,3,0,16
1,26.13,81,20,8,12,0,3,0,16
1,26.19,81,20,8,12,0,3,0,16
1,26.26,81,20,8,12,0,3,0,16
1,26.33,81,20,8,12,0,3,0,16
1,26.4,81,20,8,12,0,3,0,16
1,26.47,81,20,8,12,0,3,0,16
1,26.54,81,20,8,12,0,3,0,16
1,26.61,81,20,8,12,0,3,0,16
1,26.67,81,20,8,12,0,3,0,16
1,26.73,81,20,8,12,0,3,0,16
1,26.79,81,20,8,12,0,3,0,16
1,26.85,81,20,8,12,0,3,0,16
1,26.91,81,20,8,12,0,3,0,16
1,26.98,81,20,8,12,0,3,0,16
1,27.04,81,20,8,12,0,3,0,16
1,27.1,81,20,8,12,0,3,0,16
1,27.16,81,20,8,12,0,3,0,16
1,27.23,81,20,8,12,0,3,0,16
1,27.29,81,20,8,12,0,3,0,16
1,27.36,81,20,8,12,0,3,0,16
1,27.43,81,20,8,12,0,3,0,16
1,27.5,81,20,8,12,0,3,0,16
1,27.57,81,20,8,12,0,3,0,16
1,27.64,81,20,8,12,0,3,0,16
1,27.72,81,20,8,12,0,3,0,16
1,27.8,81,20,8,12,0,3,0,16
1,27.88,81,20,8,12,0,3,0,16
1,27.96,81,20,8,12,0,3,0,16
1,28.05,81,20,8,12,0,3,0,16
1,28.13,81,20,8,12,0,3,0,16
1,28.21,81,20,8,12,0,3,0,16
1,28.29,81,20,8,12,0,3,0,16
1,28.37,81,20,8,12,0,3,0,16
1,28.45,81,20,8,12,0,3,0,16
1,28.53,81,20,8,12,0,3,0,16
1,28.62,81,20,8,12,0,3,0,16
1,28.7,81,20,8,12,0,3,0,16
1,28.78,81,20,8,12,0,3,0,16
1,28.86,81,20,8,12,0,3,0,16
1,28.95,81,20,8,12,0,3,0,16
1,29.03,81,20,8,12,0,3,0,16
1,29.11,81,20,8,12,0,3,0,16
1,29.19,81,20,8,12,0,3,0,16
1,29.28,81,20,8,12,0,3,0,16
1,29.35,81,20,8,12,0,3,0,16
1,29.43,81,20,8,12,0,3,0,16
1,29.5,81,20,8,12,0,3,0,16
1,29.58,81,20,8,12,0,3,0,16
1,29.65,81,20,8,12,0,3,0,16
1,29.73,81,20,8,12,0,3,0,16
1,29.81,81,20,8,12,0,3,0,16
1,29.89,81,20,8,12,0,3,0,16
1,29.96,81,20,8,12,0,3,0,16
1,30.04,81,20,8,12,0,3,0,16
1,30.12,81,20,8,12,0,3,0,16
1,30.19,81,20,8,12,0,3,0,16
1,30.27,81,20,8,12,0,3,0,16
1,30.35,81,20,8,12,0,3,0,16
1,30.43,81,20,8,12,0,3,0,16
1,30.51,81,20,8,12,0,3,0,16
1,30.59,81,20,8,12,0,3,0,16
1,30.67,81,20,8,12,0,3,0,16
1,30.75,81,20,8,12,0,3,0,16
1,30.97,81,20,8,12,0,3,0,16
1,31.04,81,20,8,12,0,3,0,16
1,31.11,81,20,8,12,0,3,0,16
1,31.18,81,20,8,12,0,3,0,16
1,31.25,81,20,8,12,0,3,0,16
1,31.32,81,20,8,12,0,3,0,16
1,31.58,81,20,8,12,0,3,0,16
1,31.65,81,20,8,12,0,3,0,16
1,31.72,81,20,8,12,0,3,0,16
1,31.79,81,20,8,12,0,3,0,16
1,31.87,81,20,8,12,0,3,0,16
1,31.95,81,20,8,12,0,3,0,16
1,32.02,81,20,8,12,0,3,0,16
1,32.1,81,20,8,12,0,3,0,16
1,32.17,81,20,8,12,0,3,0,16
1,32.25,81,20,8,12,0,3,0,16
1,32.32,81,20,8,12,0,3,0,16
1,32.4,81,20,8,12,0,3,0,16
1,32.46,81,20,8,12,0,3,0,16
1,32.54,81,20,8,12,0,3,0,16
1,32.63,81,20,8,12,0,3,0,16
1,32.72,81,20,8,12,0,3,0,16
1,32.81,81,20,8,12,0,3,0,16
1,32.89,81,20,8,12,0,3,0,16
1,32.96,81,20,8,12,0,3,0,16
1,33.04,81,20,8,12,0,3,0,16
1,33.12,81,20,8,12,0,3,0,16
1,33.2,81,20,8,12,0,3,0,16
1,33.27,81,20,8,12,0,3,0,16
1,33.34,81,20,8,12,0,3,0,16
1,33.41,81,20,8,12,0,3,0,16
1,33.48,80,20,8,12,0,3,0,17
1,33.55,79,20,8,12,0,3,0,18
1,33.62,79,20,8,12,0,3,0,18
1,33.68,79,20,8,12,0,3,0,18
1,33.74,79,20,8,12,0,3,0,18
1,33.81,79,20,8,12,0,3,0,18
1,33.87,79,20,8,12,0,3,0,18
1,33.93,79,20,8,12,0,3,0,18
1,33.99,79,20,8,12,0,3,0,18
1,34.06,79,20,8,12,0,3,0,18
1,34.13,78,20,8,12,0,3,0,19
1,34.2,77,20,8,12,0,3,0,20
1,34.27,77,20,8,12,0,3,0,20
1,34.34,77,20,8,12,0,3,0,20
1,34.41,77,20,8,12,0,3,0,20
1,34.48,77,20,8,12,0,3,0,20
1,34.55,77,20,8,12,0,3,0,20
1,34.62,77,20,8,12,0,3,0,20
1,34.69,77,20,8,12,0,3,0,20
1,34.77,77,20,8,12,0,3,0,20
1,34.84,77,20,8,12,0,3,0,20
1,34.92,77,20,8,12,0,3,0,20
1,35.0,77,20,8,12,0,3,0,20
1,35.07,77,20,8,12,0,3,0,20
1,35.14,77,20,8,12,0,3,0,20
1,35.21,77,20,8,12,0,3,0,20
1,35.28,77,20,8,12,0,3,0,20
1,35.35,77,20,8,12,0,3,0,20
1,35.42,77,20,8,12,0,3,0,20
1,35.49,77,20,8,12,0,3,0,20
1,35.56,77,20,8,12,0,3,0,20
1,35.63,77,20,8,12,0,3,0,20
1,35.7,77,20,8,12,0,3,0,20
1,35.77,77,20,8,12,0,3,0,20
1,35.85,77,20,8,12,0,3,0,20
1,35.92,77,20,8,12,0,3,0,20
1,35.99,77,20,8,12,0,3,0,20
1,36.06,77,20,8,12,0,3,0,20
1,36.13,77,20,8,12,0,3,0,20
1,36.2,77,20,8,12,0,3,0,20
1,36.28,77,20,8,12,0,3,0,20
1,36.35,77,20,8,12,0,3,0,20
1,36.43,77,20,8,12,0,3,0,20
1,36.51,77,20,8,12,0,3,0,20
1,36.6,77,20,8,12,0,3,0,20
1,36.68,77,20,8,12,0,3,0,20
1,36.77,77,20,8,12,0,3,0,20
1,36.85,77,20,8,12,0,3,0,20
1,36.94,77,20,8,12,0,3,0,20
1,37.02,77,20,8,12,0,3,0,20
1,37.1,77,20,8,12,0,3,0,20
1,37.18,77,20,8,12,0,3,0,20
1,37.26,77,20,8,12,0,3,0,20
1,37.34,77,20,8,12,0,3,0,20
1,37.42,77,20,8,12,0,3,0,20
1,37.5,77,20,8,12,0,3,0,20
1,37.58,77,20,8,12,0,3,0,20
1,37.65,77,20,8,12,0,3,0,20
1,37.73,77,20,8,12,0,3,0,20
1,37.81,77,20,8,12,0,3,0,20
1,37.89,77,20,8,12,0,3,0,20
1,37.97,77,20,8,12,0,3,0,20
1,38.05,77,20,8,12,0,3,0,20
1,38.14,77,20,8,12,0,3,0,20
1,38.22,77,20,8,12,0,3,0,20
1,38.31,77,20,8,12,0,3,0,20
1,38.39,77,20,8,12,0,3,0,20
1,38.47,77,20,8,12,0,3,0,20
1,38.55,77,20,8,12,0,3,0,20
1,38.63,77,20,8,12,0,3,0,20
1,38.71,77,20,8,12,0,3,0,20
1,38.79,77,20,8,12,0,3,0,20
1,38.87,77,20,8,12,0,3,0,20
1,38.94,77,20,8,12,0,3,0,20
1,39.02,77,20,8,12,0,3,0,20
1,39.09,77,20,8,12,0,3,0,20
1,39.16,77,20,8,12,0,3,0,20
1,39.23,77,20,8,12,0,3,0,20
1,39.3,77,20,8,12,0,3,0,20
1,39.37,77,20,8,12,0,3,0,20
1,39.44,77,20,8,12,0,3,0,20
1,39.5,77,20,8,12,0,3,0,20
1,39.57,77,20,8,12,0,3,0,20
1,39.63,77,20,8,12,0,3,0,20
1,39.7,77,20,8,12,0,3,0,20
1,39.77,77,20,8,12,0,3,0,20
1,39.83,77,20,8,12,0,3,0,20
1,39.9,77,20,8,12,0,3,0,20
1,39.96,77,20,8,12,0,3,0,20
1,40.03,77,20,8,12,0,3,0,20
1,40.09,77,20,8,12,0,3,0,20
1,40.16,77,20,8,12,0,3,0,20
1,40.22,77,20,8,12,0,3,0,20
1,40.28,77,20,8,12,0,3,0,20
1,40.35,77,20,8,12,0,3,0,20
1,40.41,77,20,8,12,0,3,0,20
1,40.47,77,20,8,12,0,3,0,20
1,40.54,77,20,8,12,0,3,0,20
1,40.61,77,20,8,12,0,3,0,20
1,40.67,77,20,8,12,0,3,0,20
1,40.74,77,20,8,12,0,3,0,20
1,40.81,77,20,8,12,0,3,0,20
1,40.88,77,20,8,12,0,3,0,20
1,40.96,77,20,8,12,0,3,0,20
1,41.03,77,20,8,12,0,3,0,20
1,41.1,77,20,8,12,0,3,0,20
1,41.18,77,20,8,12,0,3,0,20
1,41.25,77,20,8,12,0,3,0,20
1,41.33,77,20,8,12,0,3,0,20
1,41.4,77,20,8,12,0,3,0,20
1,41.48,77,20,8,12,0,3,0,20
1,41.55,77,20,8,12,0,3,0,20
1,41.63,77,20,8,12,0,3,0,20
1,41.7,77,20,8,12,0,3,0,20
1,41.77,77,20,8,12,0,3,0,20
1,41.85,77,20,8,12,0,3,0,20
1,41.92,77,20,8,12,0,3,0,20
1,41.99,77,20,8,12,0,3,0,20
1,42.06,77,20,8,12,0,3,0,20
1,42.13,77,20,8,12,0,3,0,20
1,42.2,77,20,8,12,0,3,0,20
1,42.27,77,20,8,12,0,3,0,20
1,42.33,77,20,8,12,0,3,0,20
1,42.4,77,20,8,12,0,3,0,20
1,42.47,77,20,8,12,0,3,0,20
1,42.54,77,20,8,12,0,3,0,20
1,42.61,77,20,8,12,0,3,0,20
1,42.68,77,20,8,12,0,3,0,20
1,42.75,77,20,8,12,0,3,0,20
1,42.83,77,20,8,12,0,3,0,20
1,42.9,77,20,8,12,0,3,0,20
1,42.97,77,20,8,12,0,3,0,20
1,43.05,77,20,8,12,0,3,0,20
1,43.12,77,20,8,12,0,3,0,20
1,43.2,77,20,8,12,0,3,0,20
1,43.28,77,20,8,12,0,3,0,20
1,43.35,77,20,8,12,0,3,0,20
1,43.42,77,20,8,12,0,3,0,20
1,43.48,77,20,8,12,0,3,0,20
1,43.55,77,20,8,12,0,3,0,20
1,43.62,77,20,8,12,0,3,0,20
1,43.7,77,20,8,12,0,3,0,20
1,43.77,77,20,8,12,0,3,0,20
1,43.85,77,20,8,12,0,3,0,20
1,43.92,77,20,8,12,0,3,0,20
1,44.01,77,20,8,12,0,3,0,20
1,44.08,77,20,8,12,0,3,0,20
1,44.16,77,20,8,12,0,3,0,20
1,44.23,77,20,8,12,0,3,0,20
1,44.31,77,20,8,12,0,3,0,20
1,44.38,77,20,8,12,0,3,0,20
1,44.46,77,20,8,12,0,3,0,20
1,44.53,77,20,8,12,0,3,0,20
1,44.6,77,20,8,12,0,3,0,20
1,44.67,77,20,8,12,0,3,0,20
1,44.74,77,20,8,12,0,3,0,20
1,44.81,77,20,8,12,0,3,0,20
1,44.88,77,20,8,12,0,3,0,20
1,44.94,77,20,8,12,0,3,0,20
1,45.01,77,20,8,12,0,3,0,20
1,45.09,77,20,8,12,0,3,0,20
1,45.16,77,20,8,12,0,3,0,20
1,45.24,77,20,8,12,0,3,0,20
1,45.31,77,20,8,12,0,3,0,20
1,45.39,77,20,8,12,0,3,0,20
1,45.47,77,20,8,12,0,3,0,20
1,45.55,77,20,8,12,0,3,0,20
1,45.62,77,20,8,12,0,3,0,20
1,45.7,77,20,8,12,0,3,0,20
1,45.78,77,20,8,12,0,3,0,20
1,45.85,77,20,8,12,0,3,0,20
1,45.93,77,20,8,12,0,3,0,20
1,46.01,77,20,8,12,0,3,0,20
1,46.09,77,20,8,12,0,3,0,20
1,46.17,77,20,8,12,0,3,0,20
1,46.25,77,20,8,12,0,3,0,20
1,46.33,77,20,8,12,0,3,0,20
1,46.41,77,20,8,12,0,3,0,20
1,46.48,77,20,8,12,0,3,0,20
1,46.54,77,20,8,12,0,3,0,20
1,46.61,77,20,8,12,0,3,0,20
1,46.68,77,20,8,12,0,3,0,20
1,46.74,77,20,8,12,0,3,0,20
1,46.8,77,20,8,12,0,3,0,20
1,46.86,77,20,8,12,0,3,0,20
1,46.92,77,20,8,12,0,3,0,20
1,46.98,77,20,8,12,0,3,0,20
1,47.04,77,20,8,12,0,3,0,20
1,47.1,77,20,8,12,0,3,0,20
1,47.16,77,20,8,12,0,3,0,20
1,47.22,77,20,8,12,0,3,0,20
1,47.28,77,20,8,12,0,3,0,20
1,47.34,77,20,8,12,0,3,0,20
1,47.4,77,20,8,12,0,3,0,20
1,47.46,77,20,8,12,0,3,0,20
1,47.52,77,20,8,12,0,3,0,20
1,47.59,77,20,8,12,0,3,0,20
1,47.65,77,20,8,12,0,3,0,20
1,47.72,77,20,8,12,0,3,0,20
1,47.79,77,20,8,12,0,3,0,20
1,47.87,77,20,8,12,0,3,0,20
1,47.94,77,20,8,12,0,3,0,20
1,48.01,77,20,8,12,0,3,0,20
1,48.09,77,20,8,12,0,3,0,20
1,48.16,77,20,8,12,0,3,0,20
1,48.23,77,20,8,12,0,3,0,20
1,48.3,77,20,8,12,0,3,0,20
1,48.37,77,20,8,12,0,3,0,20
1,48.44,77,20,8,12,0,3,0,20
1,48.51,77,20,8,12,0,3,0,20
1,48.57,77,20,8,12,0,3,0,20
1,48.64,77,20,8,12,0,3,0,20
1,48.71,77,20,8,12,0,3,0,20
1,48.78,77,20,8,12,0,3,0,20
1,48.85,77,20,8,12,0,3,0,20
1,48.92,77,20,8,12,0,3,0,20
1,48.99,77,20,8,12,0,3,0,20
1,49.05,77,20,8,12,0,3,0,20
1,49.11,77,20,8,12,0,3,0,20
1,49.17,77,20,8,12,0,3,0,20
1,49.23,77,20,8,12,0,3,0,20
1,49.29,77,20,8,12,0,3,0,20
1,49.36,77,20,8,12,0,3,0,20
1,49.43,77,20,8,12,0,3,0,20
1,49.5,77,20,8,12,0,3,0,20
1,49.57,77,20,8,12,0,3,0,20
1,49.64,77,20,8,12,0,3,0,20
1,49.71,77,20,8,12,0,3,0,20
1,49.78,77,20,8,12,0,3,0,20
1,49.85,77,20,8,12,0,3,0,20
1,49.91,77,20,8,12,0,3,0,20
1,49.97,77,20,8,12,0,3,0,20
1,50.03,77,20,8,12,0,3,0,20
1,50.09,77,20,8,12,0,3,0,20
1,50.16,77,20,8,12,0,3,0,20
1,50.22,77,20,8,12,0,3,0,20
1,50.29,77,20,8,12,0,3,0,20
1,50.35,77,20,8,12,0,3,0,20
1,50.42,77,20,8,12,0,3,0,20
1,50.48,77,20,8,12,0,3,0,20
1,50.55,77,20,8,12,0,3,0,20
1,50.62,77,20,8,12,0,3,0,20
1,50.69,77,20,8,12,0,3,0,20
1,50.76,77,20,8,12,0,3,0,20
1,50.82,77,20,8,12,0,3,0,20
1,50.88,77,20,8,12,0,3,0,20
1,50.94,77,20,8,12,0,3,0,20
1,51.0,77,20,8,12,0,3,0,20
1,51.06,77,20,8,12,0,3,0,20
1,51.13,77,20,8,12,0,3,0,20
1,51.19,77,20,8,12,0,3,0,20
1,51.25,77,20,8,12,0,3,0,20
1,51.32,77,20,8,12,0,3,0,20
1,51.38,77,20,8,12,0,3,0,20
1,51.44,77,20,8,12,0,3,0,20
1,51.51,77,20,8,12,0,3,0,20
1,51.57,77,20,8,12,0,3,0,20
1,51.63,77,20,8,12,0,3,0,20
1,51.69,77,20,8,12,0,3,0,20
1,51.75,77,20,8,12,0,3,0,20
1,51.82,77,20,8,12,0,3,0,20
1,51.89,77,20,8,12,0,3,0,20
1,51.96,77,20,8,12,0,3,0,20
1,52.02,77,20,8,12,0,3,0,20
1,52.09,77,20,8,12,0,3,0,20
1,52.15,77,20,8,12,0,3,0,20
1,52.21,77,20,8,12,0,3,0,20
1,52.28,77,20,8,12,0,3,0,20
1,52.34,77,20,8,12,0,3,0,20
1,52.4,77,20,8,12,0,3,0,20
1,52.47,77,20,8,12,0,3,0,20
1,52.54,77,20,8,12,0,3,0,20
1,52.61,77,20,8,12,0,3,0,20
2,0.0,100,20,6,14,0,0,0,0
2,0.0,100,20,6,14,0,0,0,0
2,0.16,100,20,6,14,0,0,0,0
2,0.31,100,20,6,14,0,0,0,0
2,0.48,100,20,6,14,0,0,0,0
2,0.67,100,20,6,14,0,0,0,0
2,0.81,100,20,6,14,0,0,0,0
2,0.97,100,20,6,14,0,0,0,0
2,1.14,100,20,6,14,0,0,0,0
2,1.29,100,20,5,15,1,0,0,0
2,1.41,100,20,5,15,1,0,0,0
2,1.9,100,20,5,15,1,0,0,0
2,1.99,100,20,5,15,1,0,0,0
2,2.07,100,19,5,14,1,0,1,0
2,2.15,100,19,5,14,1,0,1,0
2,2.33,100,19,5,14,1,0,1,0
2,2.5,100,19,5,14,1,0,1,0
2,2.58,100,19,5,14,1,0,1,0
2,2.64,100,19,5,14,1,0,1,0
2,2.7,100,19,5,14,1,0,1,0
2,2.86,100,19,5,14,1,0,1,0
2,2.92,100,19,5,14,1,0,1,0
2,3.02,100,19,5,14,1,0,1,0
2,3.1,100,19,5,14,1,0,1,0
2,3.29,100,19,5,14,1,0,1,0
2,3.35,100,19,5,14,1,0,1,0
2,3.42,100,19,5,14,1,0,1,0
2,3.54,100,19,5,14,1,0,1,0
2,3.6,100,19,5,14,1,0,1,0
2,3.67,100,19,5,14,1,0,1,0
2,3.74,100,19,5,14,1,0,1,0
2,3.81,100,19,5,14,1,0,1,0
2,3.89,100,19,5,14,1,0,1,0
2,3.96,100,19,5,14,1,0,1,0
2,4.04,100,19,5,14,1,0,1,0
2,4.12,100,19,5,14,1,0,1,0
2,4.2,100,19,5,14,1,0,1,0
2,4.28,100,19,5,14,1,0,1,0
2,4.36,99,19,5,14,1,0,1,1
2,4.44,98,19,5,14,1,0,1,2
2,4.53,98,19,5,14,1,0,1,2
2,4.61,97,19,5,14,1,0,1,3
2,4.69,97,19,5,14,1,0,1,3
2,4.78,97,19,5,14,1,0,1,3
2,4.86,97,19,5,14,1,0,1,3
2,4.95,97,19,5,14,1,0,1,3
2,5.03,97,19,5,14,1,0,1,3
2,5.12,97,19,5,14,1,0,1,3
2,5.21,96,19,5,14,1,0,1,4
2,5.3,96,19,5,14,1,0,1,4
2,5.39,96,19,5,14,1,0,1,4
2,5.47,96,19,5,14,1,0,1,4
2,5.56,96,19,5,14,1,0,1,4
2,5.64,96,19,5,14,1,0,1,4
2,5.72,96,19,5,14,1,0,1,4
2,5.81,96,19,5,14,1,0,1,4
2,5.91,96,19,5,14,1,0,1,4
2,6.01,94,19,5,14,1,0,1,6
2,6.11,93,19,5,14,1,0,1,7
2,6.2,92,19,5,14,1,0,1,8
2,6.28,92,19,5,14,1,0,1,8
2,6.36,91,19,5,14,1,0,1,9
2,6.44,91,19,5,14,1,0,1,9
2,6.51,91,19,5,14,1,0,1,9
2,6.58,91,19,5,14,1,0,1,9
2,6.65,91,19,5,14,1,0,1,9
2,6.72,91,19,5,14,1,0,1,9
2,6.79,91,19,5,14,1,0,1,9
2,6.87,91,19,5,14,1,0,1,9
2,6.94,91,19,5,14,1,0,1,9
2,7.01,91,19,5,14,1,0,1,9
2,7.08,90,19,5,14,1,0,1,10
2,7.15,90,19,5,14,1,0,1,10
2,7.23,89,19,5,14,1,0,1,11
2,7.3,89,19,5,14,1,0,1,11
2,7.37,89,19,5,14,1,0,1,11
2,7.44,89,19,5,14,1,0,1,11
2,7.51,89,19,5,14,1,0,1,11
2,7.58,89,19,5,14,1,0,1,11
2,7.65,89,19,5,14,1,0,1,11
2,7.73,89,19,5,14,1,0,1,11
2,7.8,89,19,5,14,1,0,1,11
2,7.88,89,19,5,14,1,0,1,11
2,7.96,89,19,5,14,1,0,1,11
2,8.04,89,19,5,14,1,0,1,11
2,8.11,89,19,5,14,1,0,1,11
2,8.2,89,19,5,14,1,0,1,11
2,8.28,89,19,5,14,1,0,1,11
2,8.37,89,19,5,14,1,0,1,11
2,8.45,89,19,5,14,1,0,1,11
2,8.54,89,19,5,14,1,0,1,11
2,8.62,89,19,5,14,1,0,1,11
2,8.71,89,19,5,14,1,0,1,11
2,8.79,89,19,5,14,1,0,1,11
2,8.88,89,19,5,14,1,0,1,11
2,8.96,89,19,5,14,1,0,1,11
2,9.04,89,19,5,14,1,0,1,11
2,9.13,89,19,5,14,1,0,1,11
2,9.23,89,19,5,14,1,0,1,11
2,9.31,89,19,5,14,1,0,1,11
2,9.39,89,19,5,14,1,0,1,11
2,9.48,89,19,5,14,1,0,1,11
2,9.57,89,19,5,14,1,0,1,11
2,9.66,89,19,5,14,1,0,1,11
2,9.74,89,19,5,14,1,0,1,11
2,9.83,89,19,5,14,1,0,1,11
2,9.92,89,19,5,14,1,0,1,11
2,10.01,89,19,5,14,1,0,1,11
2,10.09,89,19,5,14,1,0,1,11
2,10.18,89,19,5,14,1,0,1,11
2,10.27,89,19,5,14,1,0,1,11
2,10.34,89,19,5,14,1,0,1,11
2,10.42,89,19,5,14,1,0,1,11
2,10.5,89,19,5,14,1,0,1,11
2,10.58,89,19,5,14,1,0,1,11
2,10.67,89,19,5,14,1,0,1,11
2,10.74,89,19,5,14,1,0,1,11
2,10.82,89,19,5,14,1,0,1,11
2,10.9,89,19,5,14,1,0,1,11
2,10.97,89,19,5,14,1,0,1,11
2,11.04,89,19,5,14,1,0,1,11
2,11.12,89,19,5,14,1,0,1,11
2,11.2,89,19,5,14,1,0,1,11
2,11.27,89,19,5,14,1,0,1,11
2,11.34,89,19,5,14,1,0,1,11
2,11.42,89,19,5,14,1,0,1,11
2,11.49,89,19,5,14,1,0,1,11
2,11.56,89,19,5,14,1,0,1,11
2,11.64,89,19,5,14,1,0,1,11
2,11.72,89,19,5,14,1,0,1,11
2,11.79,89,19,5,14,1,0,1,11
2,11.87,89,19,5,14,1,0,1,11
2,11.95,89,19,5,14,1,0,1,11
2,12.04,89,19,5,14,1,0,1,11
2,12.12,89,19,5,14,1,0,1,11
2,12.2,89,19,5,14,1,0,1,11
2,12.28,89,19,5,14,1,0,1,11
2,12.36,89,19,5,14,1,0,1,11
2,12.45,89,19,5,14,1,0,1,11
2,12.53,89,19,5,14,1,0,1,11
2,12.61,89,19,5,14,1,0,1,11
2,12.69,89,19,5,14,1,0,1,11
2,12.78,89,19,5,14,1,0,1,11
2,12.86,89,19,5,14,1,0,1,11
2,12.95,89,19,5,14,1,0,1,11
2,13.03,89,19,5,14,1,0,1,11
2,13.11,89,19,5,14,1,0,1,11
2,13.19,89,19,5,14,1,0,1,11
2,13.27,89,19,5,14,1,0,1,11
2,13.35,89,19,5,14,1,0,1,11
2,13.44,89,19,5,14,1,0,1,11
2,13.52,89,19,5,14,1,0,1,11
2,13.61,89,19,5,14,1,0,1,11
2,13.7,89,19,5,14,1,0,1,11
2,13.79,89,19,5,14,1,0,1,11
2,13.88,89,19,5,14,1,0,1,11
2,13.97,89,19,5,14,1,0,1,11
2,14.06,89,19,5,14,1,0,1,11
2,14.16,89,19,5,14,1,0,1,11
2,14.25,89,19,5,14,1,0,1,11
2,14.34,89,19,5,14,1,0,1,11
2,14.44,89,19,5,14,1,0,1,11
2,14.53,89,19,5,14,1,0,1,11
2,14.62,88,19,5,14,1,1,1,11
2,14.71,88,19,5,14,1,1,1,11
2,14.8,88,19,5,14,1,1,1,11
2,14.89,88,19,5,14,1,1,1,11
2,14.97,88,19,5,14,1,1,1,11
2,15.06,88,19,5,14,1,1,1,11
2,15.14,88,19,5,14,1,1,1,11
2,15.22,88,19,5,14,1,1,1,11
2,15.3,88,19,5,14,1,1,1,11
2,15.38,88,19,5,14,1,1,1,11
2,15.46,88,19,5,14,1,1,1,11
2,15.54,88,19,5,14,1,1,1,11
2,15.62,88,19,5,14,1,1,1,11
2,15.7,88,19,5,14,1,1,1,11
2,15.78,88,19,5,14,1,1,1,11
2,15.86,88,19,5,14,1,1,1,11
2,15.94,88,19,5,14,1,1,1,11
2,16.03,88,19,5,14,1,1,1,11
2,16.11,88,19,5,14,1,1,1,11
2,16.19,88,19,5,14,1,1,1,11
2,16.27,87,19,5,14,0,2,1,11
2,16.35,87,19,5,14,0,2,1,11
2,16.43,87,19,5,14,0,2,1,11
2,16.52,87,19,5,14,0,2,1,11
2,16.6,87,19,5,14,0,2,1,11
2,16.68,87,19,5,14,0,2,1,11
2,16.76,87,19,5,14,0,2,1,11
2,16.84,87,19,5,14,0,2,1,11
2,16.91,87,19,5,14,0,2,1,11
2,16.99,87,19,5,14,0,2,1,11
2,17.06,87,19,5,14,0,2,1,11
2,17.14,87,19,5,14,0,2,1,11
2,17.21,87,19,5,14,0,2,1,11
2,17.29,87,19,5,14,0,2,1,11
2,17.36,87,19,5,14,0,2,1,11
2,17.44,87,19,5,14,0,2,1,11
2,17.53,87,19,5,14,0,2,1,11
2,17.61,87,19,5,14,0,2,1,11
2,17.7,87,19,5,14,0,2,1,11
2,17.78,87,19,5,14,0,2,1,11
2,17.86,87,19,5,14,0,2,1,11
2,17.95,87,19,5,14,0,2,1,11
2,18.03,87,19,5,14,0,2,1,11
2,18.11,87,19,5,14,0,2,1,11
2,18.2,87,19,5,14,0,2,1,11
2,18.28,87,19,5,14,0,2,1,11
2,18.36,87,19,5,14,0,2,1,11
2,18.44,87,19,5,14,0,2,1,11
2,18.53,87,19,5,14,0,2,1,11
2,18.61,87,19,5,14,0,2,1,11
2,18.69,87,19,5,14,0,2,1,11
2,18.77,87,19,5,14,0,2,1,11
2,18.85,87,19,5,14,0,2,1,11
2,18.93,87,19,5,14,0,2,1,11
2,19.01,87,19,5,14,0,2,1,11
2,19.08,87,19,5,14,0,2,1,11
2,19.15,87,19,5,14,0,2,1,11
2,19.22,87,19,5,14,0,2,1,11
2,19.28,87,19,5,14,0,2,1,11
2,19.35,87,19,5,14,0,2,1,11
2,19.41,87,19,5,14,0,2,1,11
2,19.48,86,19,5,14,0,2,1,12
2,19.54,86,19,5,14,0,2,1,12
2,19.63,86,19,5,14,0,2,1,12
2,19.68,86,19,5,14,0,2,1,12
2,19.74,86,19,5,14,0,2,1,12
2,19.8,86,19,5,14,0,2,1,12
2,19.85,86,19,5,14,0,2,1,12
2,19.91,86,19,5,14,0,2,1,12
2,19.97,86,19,5,14,0,2,1,12
2,20.03,86,19,5,14,0,2,1,12
2,20.1,86,19,5,14,0,2,1,12
2,20.16,86,19,5,14,0,2,1,12
2,20.22,86,19,5,14,0,2,1,12
2,20.3,86,19,5,14,0,2,1,12
2,20.37,86,19,5,14,0,2,1,12
2,20.44,86,19,5,14,0,2,1,12
2,20.51,86,19,5,14,0,2,1,12
2,20.57,86,19,5,14,0,2,1,12
2,20.64,86,19,5,14,0,2,1,12
2,20.71,86,19,5,14,0,2,1,12
2,20.77,86,19,5,14,0,2,1,12
2,20.84,86,19,5,14,0,2,1,12
2,20.92,86,19,5,14,0,2,1,12
2,20.99,86,19,5,14,0,2,1,12
2,21.07,86,19,5,14,0,2,1,12
2,21.15,86,19,5,14,0,2,1,12
2,21.23,86,19,5,14,0,2,1,12
2,21.31,86,19,5,14,0,2,1,12
2,21.39,86,19,5,14,0,2,1,12
2,21.47,86,19,5,14,0,2,1,12
2,21.55,86,19,5,14,0,2,1,12
2,21.64,86,19,5,14,0,2,1,12
2,21.72,86,19,5,14,0,2,1,12
2,21.81,86,19,5,14,0,2,1,12
2,21.89,86,19,5,14,0,2,1,12
2,21.97,86,19,5,14,0,2,1,12
2,22.06,86,19,5,14,0,2,1,12
2,22.14,86,19,5,14,0,2,1,12
2,22.22,86,19,5,14,0,2,1,12
2,22.31,86,19,5,14,0,2,1,12
2,22.38,86,19,5,14,0,2,1,12
2,22.46,86,19,5,14,0,2,1,12
2,22.54,86,19,5,14,0,2,1,12
2,22.62,86,19,5,14,0,2,1,12
2,22.7,86,19,5,14,0,2,1,12
2,22.78,86,19,5,14,0,2,1,12
2,22.86,86,19,5,14,0,2,1,12
2,22.94,86,19,5,14,0,2,1,12
2,23.01,86,19,5,14,0,2,1,12
2,23.09,86,19,5,14,0,2,1,12
2,23.17,86,19,5,14,0,2,1,12
2,23.25,86,19,5,14,0,2,1,12
2,23.34,86,19,5,14,0,2,1,12
2,23.42,86,19,5,14,0,2,1,12
2,23.5,86,19,5,14,0,2,1,12
2,23.57,86,19,5,14,0,2,1,12
2,23.64,86,19,5,14,0,2,1,12
2,23.71,86,19,5,14,0,2,1,12
2,23.78,86,19,5,14,0,2,1,12
2,23.84,86,19,5,14,0,2,1,12
2,23.91,86,19,5,14,0,2,1,12
2,23.98,86,19,5,14,0,2,1,12
2,24.04,86,19,5,14,0,2,1,12
2,24.11,86,19,5,14,0,2,1,12
2,24.18,86,19,5,14,0,2,1,12
2,24.25,86,19,5,14,0,2,1,12
2,24.32,86,19,5,14,0,2,1,12
2,24.39,86,19,5,14,0,2,1,12
2,24.46,86,19,5,14,0,2,1,12
2,24.53,86,19,5,14,0,2,1,12
2,24.6,86,19,5,14,0,2,1,12
2,24.68,86,19,5,14,0,2,1,12
2,24.75,86,19,5,14,0,2,1,12
2,24.83,86,19,5,14,0,2,1,12
2,24.9,86,19,5,14,0,2,1,12
2,24.97,86,19,5,14,0,2,1,12
2,25.05,86,19,5,14,0,2,1,12
2,25.12,86,19,5,14,0,2,1,12
2,25.2,86,19,5,14,0,2,1,12
2,25.27,86,19,5,14,0,2,1,12
2,25.34,86,19,5,14,0,2,1,12
2,25.41,86,19,5,14,0,2,1,12
2,25.49,86,19,5,14,0,2,1,12
2,25.56,86,19,5,14,0,2,1,12
2,25.63,86,19,5,14,0,2,1,12
2,25.71,86,19,5,14,0,2,1,12
2,25.78,86,19,5,14,0,2,1,12
2,25.86,86,19,5,14,0,2,1,12
2,25.94,86,19,5,14,0,2,1,12
2,26.02,86,19,5,14,0,2,1,12
2,26.09,86,19,5,14,0,2,1,12
2,26.17,86,19,5,14,0,2,1,12
2,26.25,86,19,5,14,0,2,1,12
2,26.33,86,19,5,14,0,2,1,12
2,26.41,86,19,5,14,0,2,1,12
2,26.49,86,19,5,14,0,2,1,12
2,26.58,86,19,5,14,0,2,1,12
2,26.66,86,19,5,14,0,2,1,12
2,26.73,86,19,5,14,0,2,1,12
2,26.81,86,19,5,14,0,2,1,12
2,26.88,86,19,5,14,0,2,1,12
2,26.96,86,19,5,14,0,2,1,12
2,27.03,86,19,5,14,0,2,1,12
2,27.1,86,19,5,14,0,2,1,12
2,27.17,86,19,5,14,0,2,1,12
2,27.24,86,19,5,14,0,2,1,12
2,27.31,86,19,5,14,0,2,1,12
2,27.37,86,19,5,14,0,2,1,12
2,27.44,86,19,5,14,0,2,1,12
2,27.5,86,19,5,14,0,2,1,12
2,27.57,86,19,4,15,1,2,1,12
2,27.64,86,18,4,14,1,2,2,12
2,27.85,86,18,4,14,1,2,2,12
2,27.91,84,18,4,14,1,2,2,14
2,27.97,84,18,4,14,1,2,2,14
2,28.04,84,18,4,14,1,2,2,14
2,28.11,84,18,4,14,1,2,2,14
2,28.18,84,18,4,14,1,2,2,14
2,28.24,84,18,4,14,1,2,2,14
2,28.38,84,18,4,14,1,2,2,14
2,28.5,84,18,4,14,1,2,2,14
2,28.66,84,18,4,14,1,2,2,14
2,28.72,84,18,4,14,1,2,2,14
2,28.96,84,18,4,14,1,2,2,14
2,29.02,83,18,4,14,1,2,2,15
2,29.09,83,18,4,14,1,2,2,15
2,29.16,83,18,4,14,1,2,2,15
2,29.23,83,18,4,14,1,2,2,15
2,29.29,83,18,4,14,1,2,2,15
2,29.37,83,18,4,14,1,2,2,15
2,29.44,83,18,4,14,1,2,2,15
2,29.51,83,18,4,14,1,2,2,15
2,29.58,83,18,4,14,1,2,2,15
2,29.65,83,18,4,14,1,2,2,15
2,29.73,83,18,4,14,1,2,2,15
2,29.8,83,18,4,14,1,2,2,15
2,29.88,83,18,4,14,1,2,2,15
2,29.96,83,18,4,14,1,2,2,15
2,30.04,83,18,4,14,1,2,2,15
2,30.12,82,18,4,14,1,2,2,16
2,30.2,82,18,4,14,1,2,2,16
2,30.28,82,17,4,13,1,2,3,16
2,30.36,81,17,4,13,1,2,3,17
2,30.45,81,17,4,13,1,2,3,17
2,30.53,81,17,4,13,1,2,3,17
2,30.61,81,17,4,13,1,2,3,17
2,30.69,81,17,4,13,1,2,3,17
2,30.76,81,17,4,13,1,2,3,17
2,30.83,81,17,4,13,1,2,3,17
2,30.91,81,17,4,13,1,2,3,17
2,30.98,81,17,4,13,1,2,3,17
2,31.06,81,17,4,13,1,2,3,17
2,31.14,81,17,4,13,1,2,3,17
2,31.22,81,17,4,13,1,2,3,17
2,31.29,81,17,4,13,1,2,3,17
2,31.37,81,17,4,13,1,2,3,17
2,31.45,81,17,4,13,1,2,3,17
2,31.53,81,17,4,13,1,2,3,17
2,31.6,81,17,4,13,1,2,3,17
2,31.68,81,17,4,13,1,2,3,17
2,31.75,81,17,4,13,1,2,3,17
2,31.83,81,17,4,13,1,2,3,17
2,31.91,81,17,4,13,1,2,3,17
2,31.99,81,17,4,13,1,2,3,17
2,32.07,81,17,4,13,1,2,3,17
2,32.15,81,17,4,13,1,2,3,17
2,32.23,81,17,4,13,1,2,3,17
2,32.31,81,17,4,13,1,2,3,17
2,32.39,81,17,4,13,1,2,3,17
2,32.46,81,17,4,13,1,2,3,17
2,32.53,81,17,4,13,1,2,3,17
2,32.6,81,17,4,13,1,2,3,17
2,32.67,81,17,4,13,1,2,3,17
2,32.74,80,17,4,13,1,2,3,18
2,32.8,80,17,4,13,1,2,3,18
2,32.87,80,17,4,13,1,2,3,18
2,32.93,80,17,4,13,1,2,3,18
2,33.0,80,17,4,13,1,2,3,18
2,33.06,80,17,4,13,1,2,3,18
2,33.12,80,17,4,13,1,2,3,18
2,33.19,80,17,4,13,1,2,3,18
2,33.25,80,17,4,13,1,2,3,18
2,33.32,80,17,4,13,1,2,3,18
2,33.38,80,17,4,13,1,2,3,18
2,33.45,80,17,4,13,1,2,3,18
2,33.52,80,17,4,13,1,2,3,18
2,33.59,80,17,4,13,1,2,3,18
2,33.66,80,17,4,13,1,2,3,18
2,33.73,80,17,4,13,1,2,3,18
2,33.8,80,17,4,13,1,2,3,18
2,33.87,80,17,4,13,1,2,3,18
2,33.93,80,17,4,13,1,2,3,18
2,34.0,80,17,4,13,1,2,3,18
2,34.07,80,17,4,13,1,2,3,18
2,34.14,80,17,4,13,1,2,3,18
2,34.21,80,17,4,13,1,2,3,18
2,34.28,80,17,4,13,1,2,3,18
2,34.36,80,17,4,13,1,2,3,18
2,34.42,80,17,4,13,1,2,3,18
2,34.49,80,17,4,13,1,2,3,18
2,34.56,80,17,4,13,1,2,3,18
2,34.62,80,17,4,13,1,2,3,18
2,34.69,80,17,4,13,1,2,3,18
2,34.75,80,17,4,13,1,2,3,18
2,34.81,80,17,4,13,1,2,3,18
2,34.88,80,17,4,13,1,2,3,18
2,34.94,80,17,4,13,1,2,3,18
2,35.01,80,17,4,13,1,2,3,18
2,35.08,80,17,4,13,1,2,3,18
2,35.14,80,17,4,13,1,2,3,18
2,35.21,80,17,4,13,1,2,3,18
2,35.27,80,17,4,13,1,2,3,18
2,35.33,80,17,4,13,1,2,3,18
2,35.4,80,17,4,13,1,2,3,18
2,35.46,80,17,4,13,1,2,3,18
2,35.53,80,17,4,13,1,2,3,18
2,35.6,80,17,4,13,1,2,3,18
2,35.66,80,17,4,13,1,2,3,18
2,35.73,80,17,4,13,1,2,3,18
2,35.8,80,17,4,13,1,2,3,18
2,35.87,80,17,4,13,1,2,3,18
2,35.94,80,17,4,13,1,2,3,18
2,36.02,80,17,4,13,1,2,3,18
2,36.09,80,17,4,13,1,2,3,18
2,36.16,80,17,4,13,1,2,3,18
2,36.23,80,17,4,13,1,2,3,18
2,36.29,80,17,4,13,1,2,3,18
2,36.35,80,17,4,13,1,2,3,18
2,36.42,80,17,4,13,1,2,3,18
2,36.48,80,17,4,13,1,2,3,18
2,36.54,80,17,4,13,1,2,3,18
2,36.61,80,17,4,13,1,2,3,18
2,36.67,80,17,4,13,1,2,3,18
2,36.72,80,17,4,13,1,2,3,18
2,36.78,80,17,4,13,1,2,3,18
2,36.85,80,17,4,13,1,2,3,18
2,36.91,80,17,4,13,1,2,3,18
2,36.97,80,17,4,13,1,2,3,18
2,37.03,80,17,4,13,1,2,3,18
2,37.1,80,17,4,13,1,2,3,18
2,37.16,80,17,4,13,1,2,3,18
2,37.23,80,17,4,13,1,2,3,18
2,37.29,80,17,4,13,1,2,3,18
2,37.36,80,17,4,13,1,2,3,18
2,37.43,80,17,4,13,1,2,3,18
2,37.5,80,17,4,13,1,2,3,18
2,37.58,80,17,4,13,1,2,3,18
2,37.65,80,17,4,13,1,2,3,18
2,37.72,80,17,4,13,1,2,3,18
2,37.8,80,17,4,13,1,2,3,18
2,37.87,80,17,4,13,1,2,3,18
2,37.95,80,17,4,13,1,2,3,18
2,38.03,80,17,4,13,1,2,3,18
2,38.11,80,17,4,13,1,2,3,18
2,38.19,80,17,4,13,1,2,3,18
2,38.26,80,17,4,13,1,2,3,18
2,38.35,80,17,4,13,1,2,3,18
2,38.43,80,16,4,12,1,2,4,18
2,38.5,80,16,4,12,1,2,4,18
2,38.58,80,16,4,12,1,2,4,18
2,38.65,80,16,4,12,1,2,4,18
2,38.73,80,16,4,12,1,2,4,18
2,38.8,80,16,4,12,1,2,4,18
2,38.88,80,16,4,12,1,2,4,18
2,38.96,80,16,4,12,1,2,4,18
2,39.03,80,16,4,12,1,2,4,18
2,39.11,80,16,4,12,1,2,4,18
2,39.19,80,16,4,12,1,2,4,18
2,39.26,79,16,4,12,0,3,4,18
2,39.34,79,16,4,12,0,3,4,18
2,39.42,79,16,4,12,0,3,4,18
2,39.49,79,16,4,12,0,3,4,18
2,39.57,79,16,4,12,0,3,4,18
2,39.65,79,16,4,12,0,3,4,18
2,39.72,79,16,4,12,0,3,4,18
2,39.8,79,16,4,12,0,3,4,18
2,39.88,79,16,4,12,0,3,4,18
2,39.96,79,16,4,12,0,3,4,18
2,40.03,79,16,4,12,0,3,4,18
2,40.11,79,16,4,12,0,3,4,18
2,40.19,79,16,4,12,0,3,4,18
2,40.26,79,16,4,12,0,3,4,18
2,40.34,79,16,4,12,0,3,4,18
2,40.41,79,16,4,12,0,3,4,18
2,40.48,79,16,4,12,0,3,4,18
2,40.55,79,16,4,12,0,3,4,18
2,40.62,79,16,4,12,0,3,4,18
2,40.69,79,16,4,12,0,3,4,18
2,40.76,79,16,4,12,0,3,4,18
2,40.83,79,16,4,12,0,3,4,18
2,40.9,79,16,4,12,0,3,4,18
2,40.97,79,16,4,12,0,3,4,18
2,41.03,79,16,4,12,0,3,4,18
2,41.09,79,16,4,12,0,3,4,18
2,41.16,79,16,4,12,0,3,4,18
2,41.22,79,16,4,12,0,3,4,18
2,41.29,79,16,4,12,0,3,4,18
2,41.35,79,16,4,12,0,3,4,18
2,41.42,79,16,4,12,0,3,4,18
2,41.49,79,16,4,12,0,3,4,18
2,41.56,79,16,4,12,0,3,4,18
2,41.63,79,16,4,12,0,3,4,18
2,41.7,79,16,4,12,0,3,4,18
2,41.77,79,16,4,12,0,3,4,18
2,41.85,79,16,4,12,0,3,4,18
2,41.92,79,16,4,12,0,3,4,18
2,42.0,79,16,4,12,0,3,4,18
2,42.07,79,16,4,12,0,3,4,18
2,42.14,79,16,4,12,0,3,4,18
2,42.2,79,16,4,12,0,3,4,18
2,42.26,79,16,4,12,0,3,4,18
2,42.33,79,16,4,12,0,3,4,18
2,42.39,79,16,4,12,0,3,4,18
2,42.45,79,16,4,12,0,3,4,18
2,42.51,79,16,4,12,0,3,4,18
2,42.58,79,16,4,12,0,3,4,18
2,42.64,79,16,4,12,0,3,4,18
2,42.71,79,16,4,12,0,3,4,18
2,42.77,79,16,4,12,0,3,4,18
2,42.84,79,16,4,12,0,3,4,18
2,42.9,79,16,4,12,0,3,4,18
2,42.96,79,16,4,12,0,3,4,18
2,43.02,79,16,4,12,0,3,4,18
2,43.09,79,16,4,12,0,3,4,18
2,43.15,79,16,4,12,0,3,4,18
2,43.21,79,16,4,12,0,3,4,18
2,43.28,79,16,4,12,0,3,4,18
2,43.35,79,16,4,12,0,3,4,18
2,43.42,79,16,4,12,0,3,4,18
2,43.48,79,16,4,12,0,3,4,18
2,43.55,79,16,4,12,0,3,4,18
2,43.62,79,16,4,12,0,3,4,18
2,43.7,79,16,4,12,0,3,4,18
2,43.77,79,16,4,12,0,3,4,18
2,43.85,79,16,4,12,0,3,4,18
2,43.92,79,16,4,12,0,3,4,18
2,43.99,79,16,4,12,0,3,4,18
2,44.06,79,16,4,12,0,3,4,18
2,44.13,79,16,4,12,0,3,4,18
2,44.2,79,16,4,12,0,3,4,18
2,44.28,79,16,4,12,0,3,4,18
2,44.35,79,16,4,12,0,3,4,18
2,44.42,79,16,4,12,0,3,4,18
2,44.5,79,16,4,12,0,3,4,18
2,44.57,79,16,4,12,0,3,4,18
2,44.64,79,16,4,12,0,3,4,18
2,44.71,79,16,4,12,0,3,4,18
2,44.78,79,16,4,12,0,3,4,18
2,44.85,79,16,4,12,0,3,4,18
2,44.91,79,16,4,12,0,3,4,18
2,44.98,79,16,4,12,0,3,4,18
2,45.05,79,16,4,12,0,3,4,18
2,45.12,79,16,4,12,0,3,4,18
2,45.18,79,16,4,12,0,3,4,18
2,45.25,79,16,4,12,0,3,4,18
2,45.32,79,16,4,12,0,3,4,18
2,45.39,79,16,4,12,0,3,4,18
2,45.45,79,16,4,12,0,3,4,18
2,45.52,79,16,4,12,0,3,4,18
2,45.59,79,16,4,12,0,3,4,18
2,45.65,79,16,4,12,0,3,4,18
2,45.72,79,16,4,12,0,3,4,18
2,45.79,79,16,4,12,0,3,4,18
2,45.86,79,16,4,12,0,3,4,18
2,45.94,79,16,4,12,0,3,4,18
2,46.01,79,16,4,12,0,3,4,18
2,46.08,79,16,4,12,0,3,4,18
2,46.16,79,16,4,12,0,3,4,18
2,46.22,79,16,4,12,0,3,4,18
2,46.29,79,16,4,12,0,3,4,18
2,46.37,79,16,4,12,0,3,4,18
2,46.44,79,16,4,12,0,3,4,18
2,46.52,79,16,4,12,0,3,4,18
2,46.6,79,16,4,12,0,3,4,18
2,46.67,79,16,4,12,0,3,4,18
2,46.75,79,16,4,12,0,3,4,18
2,46.83,79,16,4,12,0,3,4,18
2,46.91,79,16,4,12,0,3,4,18
2,46.98,79,16,4,12,0,3,4,18
2,47.05,79,16,4,12,0,3,4,18
2,47.12,79,16,4,12,0,3,4,18
2,47.19,79,16,4,12,0,3,4,18
2,47.26,79,16,4,12,0,3,4,18
2,47.33,79,16,4,12,0,3,4,18
2,47.4,79,16,4,12,0,3,4,18
2,47.48,79,16,4,12,0,3,4,18
2,47.56,79,16,4,12,0,3,4,18
2,47.63,79,16,4,12,0,3,4,18
2,47.7,79,16,4,12,0,3,4,18
2,47.77,79,16,4,12,0,3,4,18
2,47.84,79,16,4,12,0,3,4,18
2,47.91,79,16,4,12,0,3,4,18
2,47.98,79,16,4,12,0,3,4,18
2,48.05,79,16,4,12,0,3,4,18
2,48.12,79,16,4,12,0,3,4,18
2,48.19,79,16,4,12,0,3,4,18
2,48.26,79,16,4,12,0,3,4,18
2,48.33,79,16,4,12,0,3,4,18
2,48.4,79,16,4,12,0,3,4,18
2,48.46,79,16,4,12,0,3,4,18
2,48.53,79,16,4,12,0,3,4,18
2,48.6,79,16,4,12,0,3,4,18
2,48.67,79,16,4,12,0,3,4,18
2,48.74,79,16,4,12,0,3,4,18
2,48.81,79,16,4,12,0,3,4,18
2,48.88,79,16,4,12,0,3,4,18
2,48.95,79,16,4,12,0,3,4,18
2,49.02,79,16,4,12,0,3,4,18
2,49.08,79,16,4,12,0,3,4,18
2,49.15,79,16,4,12,0,3,4,18
2,49.21,79,16,4,12,0,3,4,18
2,49.27,79,16,4,12,0,3,4,18
2,49.33,79,16,4,12,0,3,4,18
2,49.4,79,16,4,12,1,3,4,18
2,50.55,79,16,4,12,1,3,4,18
2,50.59,76,16,4,12,1,3,4,21
2,51.71,75,16,4,12,1,4,4,21
3,0.0,100,20,13,7,0,0,0,0
3,0.0,100,20,13,7,0,0,0,0
3,0.38,100,20,13,7,0,0,0,0
3,1.3,100,20,13,7,0,0,0,0
3,1.55,100,20,13,7,0,0,0,0
3,1.86,100,20,13,7,0,0,0,0
3,2.03,100,20,13,7,0,0,0,0
3,2.2,100,20,13,7,0,0,0,0
3,2.35,100,20,13,7,0,0,0,0
3,2.51,100,20,13,7,0,0,0,0
3,2.65,100,20,13,7,0,0,0,0
3,2.77,100,20,13,7,0,0,0,0
3,2.89,100,20,13,7,0,0,0,0
3,3.02,100,20,13,7,0,0,0,0
3,3.15,100,20,13,7,0,0,0,0
3,3.27,100,20,13,7,0,0,0,0
3,3.39,100,20,13,7,0,0,0,0
3,3.5,100,20,13,7,0,0,0,0
3,3.61,100,20,13,7,0,0,0,0
3,3.75,100,20,13,7,0,0,0,0
3,3.89,100,20,13,7,0,0,0,0
3,4.04,100,20,13,7,0,0,0,0
3,4.18,100,20,13,7,0,0,0,0
3,4.35,100,20,13,7,0,0,0,0
3,4.53,100,20,13,7,0,0,0,0
3,4.74,100,20,13,7,0,0,0,0
3,4.94,100,20,13,7,0,0,0,0
3,5.15,100,20,13,7,0,0,0,0
3,5.34,100,20,13,7,0,0,0,0
3,5.51,100,20,13,7,0,0,0,0
3,5.7,100,20,13,7,0,0,0,0
3,5.88,100,20,13,7,0,0,0,0
3,6.04,100,20,13,7,0,0,0,0
3,6.19,100,20,13,7,0,0,0,0
3,6.34,100,20,13,7,0,0,0,0
3,6.49,100,20,13,7,0,0,0,0
3,6.68,100,20,13,7,0,0,0,0
3,6.89,100,20,13,7,0,0,0,0
3,7.05,100,20,13,7,0,0,0,0
3,7.23,100,20,13,7,0,0,0,0
3,7.45,100,20,13,7,0,0,0,0
3,7.65,100,20,13,7,0,0,0,0
3,7.89,100,20,13,7,0,0,0,0
3,8.06,100,20,13,7,0,0,0,0
3,8.22,100,20,13,7,0,0,0,0
3,8.4,100,20,13,7,0,0,0,0
3,8.59,100,20,13,7,0,0,0,0
3,8.77,100,20,13,7,0,0,0,0
3,8.95,100,20,13,7,0,0,0,0
3,9.14,100,20,13,7,0,0,0,0
3,9.33,100,20,13,7,0,0,0,0
3,9.52,100,20,13,7,0,0,0,0
3,9.7,100,20,13,7,0,0,0,0
3,9.91,100,20,13,7,0,0,0,0
3,10.08,100,20,13,7,0,0,0,0
3,10.25,100,20,13,7,0,0,0,0
3,10.41,100,20,13,7,0,0,0,0
3,10.61,100,20,13,7,0,0,0,0
3,10.79,100,20,13,7,0,0,0,0
3,10.97,100,20,13,7,0,0,0,0
3,11.14,100,20,13,7,0,0,0,0
3,11.31,100,20,13,7,0,0,0,0
3,11.5,100,20,13,7,0,0,0,0
3,11.68,100,20,13,7,0,0,0,0
3,11.84,100,20,13,7,0,0,0,0
3,12.04,100,20,13,7,0,0,0,0
3,12.19,100,20,13,7,0,0,0,0
3,12.33,100,20,13,7,0,0,0,0
3,12.49,100,20,13,7,0,0,0,0
3,12.71,100,20,13,7,0,0,0,0
4,0.0,100,20,11,9,0,0,0,0
4,0.01,100,20,11,9,0,0,0,0
4,0.45,100,20,11,9,0,0,0,0
4,0.87,100,20,11,9,0,0,0,0
4,1.32,100,20,11,9,0,0,0,0
5,0.0,52,3,1,2,0,0,0,0
5,0.0,52,3,1,2,0,0,0,0
5,0.17,52,3,1,2,0,0,0,0
5,0.34,52,3,1,2,0,0,0,0
5,0.51,52,3,1,2,0,0,0,0
5,0.68,52,3,1,2,0,0,0,0
5,0.82,52,3,1,2,0,0,0,0
5,0.95,52,3,1,2,0,0,0,0
5,1.47,52,3,1,2,0,0,0,0
5,1.57,52,3,1,2,0,0,0,0
5,1.68,52,3,1,2,0,0,0,0
5,1.77,52,3,1,2,0,0,0,0
5,1.84,52,3,1,2,0,0,0,0
5,1.92,52,3,1,2,0,0,0,0
5,1.99,52,3,1,2,0,0,0,0
5,2.06,52,3,1,2,0,0,0,0
5,2.13,52,3,1,2,0,0,0,0
5,2.2,52,3,1,2,0,0,0,0
5,2.27,52,3,1,2,0,0,0,0
5,2.34,52,3,1,2,0,0,0,0
5,2.43,52,3,1,2,0,0,0,0
5,2.5,52,3,1,2,0,0,0,0
5,2.57,52,3,1,2,0,0,0,0
5,2.64,52,3,1,2,0,0,0,0
5,2.73,52,3,1,2,0,0,0,0
5,2.81,52,3,1,2,0,0,0,0
5,2.89,52,3,1,2,0,0,0,0
5,2.96,52,3,1,2,0,0,0,0
5,3.03,52,3,1,2,0,0,0,0
5,3.11,52,3,1,2,0,0,0,0
5,3.19,52,3,1,2,0,0,0,0
5,3.27,52,3,1,2,0,0,0,0
5,3.36,52,3,1,2,0,0,0,0
5,3.44,52,3,1,2,0,0,0,0
5,3.52,52,3,1,2,0,0,0,0
5,3.6,52,3,1,2,0,0,0,0
5,3.68,52,3,1,2,0,0,0,0
5,3.77,52,3,1,2,0,0,0,0
5,3.86,52,3,1,2,0,0,0,0
5,3.95,52,3,1,2,0,0,0,0
5,4.04,52,3,1,2,0,0,0,0
5,4.14,52,3,1,2,0,0,0,0
5,4.23,52,3,1,2,0,0,0,0
5,4.32,52,3,1,2,0,0,0,0
5,4.41,52,3,1,2,0,0,0,0
5,4.5,52,3,1,2,0,0,0,0
5,4.59,52,3,1,2,0,0,0,0
5,4.67,52,3,1,2,0,0,0,0
5,4.75,52,3,1,2,0,0,0,0
5,4.84,52,3,1,2,0,0,0,0
5,4.93,52,3,1,2,0,0,0,0
5,5.01,52,3,1,2,0,0,0,0
5,5.09,52,3,1,2,0,0,0,0
5,5.17,52,3,1,2,0,0,0,0
5,5.24,52,3,1,2,0,0,0,0
5,5.31,52,3,1,2,0,0,0,0
5,5.39,52,3,1,2,0,0,0,0
5,5.46,52,3,1,2,0,0,0,0
5,5.55,52,3,1,2,0,0,0,0
5,5.62,52,3,1,2,0,0,0,0
5,5.69,52,3,1,2,0,0,0,0
5,5.78,52,3,1,2,0,0,0,0
5,5.86,52,3,1,2,0,0,0,0
5,5.93,52,3,1,2,0,0,0,0
5,6.01,52,3,1,2,0,0,0,0
5,6.09,52,3,1,2,0,0,0,0
5,6.19,52,3,1,2,0,0,0,0
5,6.27,52,3,1,2,0,0,0,0
5,6.36,52,3,1,2,0,0,0,0
5,6.43,52,3,1,2,0,0,0,0
5,6.52,52,3,1,2,0,0,0,0
5,6.59,52,3,1,2,0,0,0,0
5,6.68,52,3,1,2,0,0,0,0
5,6.75,52,3,1,2,0,0,0,0
5,6.85,52,3,1,2,0,0,0,0
5,6.93,52,3,1,2,0,0,0,0
5,7.01,52,3,1,2,0,0,0,0
5,7.11,52,3,1,2,0,0,0,0
5,7.19,52,3,1,2,0,0,0,0
5,7.27,52,3,1,2,0,0,0,0
5,7.35,52,3,1,2,0,0,0,0
5,7.42,52,3,1,2,0,0,0,0
5,7.52,52,3,1,2,0,0,0,0
5,7.59,52,3,1,2,0,0,0,0
5,7.67,52,3,1,2,0,0,0,0
5,7.74,52,3,1,2,0,0,0,0
5,7.81,52,3,1,2,0,0,0,0
5,7.88,52,3,1,2,0,0,0,0
5,7.96,52,3,1,2,0,0,0,0
5,8.03,52,3,1,2,0,0,0,0
5,8.1,52,3,1,2,0,0,0,0
5,8.17,52,3,1,2,0,0,0,0
5,8.24,52,3,1,2,0,0,0,0
5,8.31,52,3,1,2,0,0,0,0
5,8.37,52,3,1,2,0,0,0,0
5,8.45,52,3,1,2,0,0,0,0
5,8.53,52,3,1,2,0,0,0,0
5,8.61,52,3,1,2,0,0,0,0
5,8.7,52,3,1,2,0,0,0,0
5,8.79,52,3,1,2,0,0,0,0
5,8.88,52,3,1,2,0,0,0,0
5,8.97,52,3,1,2,0,0,0,0
5,9.04,52,3,1,2,0,0,0,0
5,9.11,52,3,1,2,0,0,0,0
5,9.18,52,3,1,2,0,0,0,0
5,9.25,52,3,1,2,0,0,0,0
5,9.32,52,3,1,2,0,0,0,0
5,9.39,52,3,1,2,0,0,0,0
5,9.46,52,3,1,2,0,0,0,0
5,9.53,52,3,1,2,0,0,0,0
5,9.59,52,3,1,2,0,0,0,0
5,9.67,52,3,1,2,0,0,0,0
5,9.74,52,3,1,2,0,0,0,0
5,9.81,52,3,1,2,0,0,0,0
5,9.88,52,3,1,2,0,0,0,0
5,9.94,52,3,1,2,0,0,0,0
5,10.01,52,3,1,2,0,0,0,0
5,10.09,52,3,1,2,0,0,0,0
5,10.15,52,3,1,2,0,0,0,0
5,10.22,52,3,1,2,0,0,0,0
5,10.28,52,3,1,2,0,0,0,0
5,10.35,52,3,1,2,0,0,0,0
5,10.41,52,3,1,2,0,0,0,0
5,10.46,52,3,1,2,0,0,0,0
5,10.52,52,3,1,2,0,0,0,0
5,10.59,52,3,1,2,0,0,0,0
5,10.65,52,3,1,2,0,0,0,0
5,10.71,52,3,1,2,0,0,0,0
5,10.76,52,3,1,2,0,0,0,0
5,10.83,52,3,1,2,0,0,0,0
5,10.88,52,3,1,2,0,0,0,0
5,10.95,52,3,1,2,0,0,0,0
5,11.02,52,3,1,2,0,0,0,0
5,11.09,52,3,1,2,0,0,0,0
5,11.18,52,3,1,2,0,0,0,0
5,11.26,52,3,1,2,0,0,0,0
5,11.33,52,3,1,2,0,0,0,0
5,11.41,52,3,1,2,0,0,0,0
5,11.48,52,3,1,2,0,0,0,0
5,11.56,52,3,1,2,0,0,0,0
5,11.63,52,3,1,2,0,0,0,0
5,11.71,52,3,1,2,0,0,0,0
5,11.8,52,3,1,2,0,0,0,0
5,11.88,52,3,1,2,0,0,0,0
5,11.97,52,3,1,2,0,0,0,0
5,12.06,52,3,1,2,0,0,0,0
5,12.15,52,3,1,2,0,0,0,0
5,12.24,52,3,1,2,0,0,0,0
5,12.33,52,3,1,2,0,0,0,0
5,12.41,52,3,1,2,0,0,0,0
5,12.5,52,3,1,2,0,0,0,0
5,12.59,52,3,1,2,0,0,0,0
5,12.68,52,3,1,2,0,0,0,0
5,12.78,52,3,1,2,0,0,0,0
5,12.88,52,3,1,2,0,0,0,0
5,12.98,52,3,1,2,0,0,0,0
5,13.09,52,3,1,2,0,0,0,0
5,13.19,52,3,1,2,0,0,0,0
5,13.28,52,3,1,2,0,0,0,0
5,13.37,52,3,1,2,0,0,0,0
5,13.46,52,3,1,2,0,0,0,0
5,13.54,52,3,1,2,0,0,0,0
5,13.61,52,3,1,2,0,0,0,0
5,13.71,52,3,1,2,0,0,0,0
5,13.78,52,3,1,2,0,0,0,0
5,13.86,52,3,1,2,0,0,0,0
5,13.95,52,3,1,2,0,0,0,0
5,14.02,52,3,1,2,0,0,0,0
5,14.1,52,3,1,2,0,0,0,0
5,14.17,52,3,1,2,0,0,0,0
5,14.23,52,3,1,2,0,0,0,0
5,14.3,52,3,1,2,0,0,0,0
5,14.36,52,3,1,2,0,0,0,0
5,14.42,52,3,1,2,0,0,0,0
5,14.49,52,3,1,2,0,0,0,0
5,14.55,52,3,1,2,0,0,0,0
5,14.63,52,3,1,2,0,0,0,0
5,14.69,52,3,1,2,0,0,0,0
5,14.75,52,3,1,2,0,0,0,0
5,14.82,52,3,1,2,0,0,0,0
5,14.89,52,3,1,2,0,0,0,0
5,14.97,52,3,1,2,0,0,0,0
5,15.05,52,3,1,2,0,0,0,0
5,15.13,52,3,1,2,0,0,0,0
5,15.22,52,3,1,2,0,0,0,0
5,15.3,52,3,1,2,0,0,0,0
5,15.38,52,3,1,2,0,0,0,0
5,15.45,52,3,1,2,0,0,0,0
5,15.53,52,3,1,2,0,0,0,0
5,15.61,52,3,1,2,0,0,0,0
5,15.7,52,3,1,2,0,0,0,0
5,15.79,52,3,1,2,0,0,0,0
5,15.88,52,3,1,2,0,0,0,0
5,15.96,52,3,1,2,0,0,0,0
5,16.04,52,3,1,2,0,0,0,0
5,16.14,52,3,1,2,0,0,0,0
5,16.23,52,3,1,2,0,0,0,0
5,16.32,52,3,1,2,0,0,0,0
5,16.4,52,3,1,2,0,0,0,0
5,16.48,52,3,1,2,0,0,0,0
5,16.56,52,3,1,2,0,0,0,0
5,16.64,52,3,1,2,0,0,0,0
5,16.72,52,3,1,2,0,0,0,0
5,16.79,52,3,1,2,0,0,0,0
5,16.88,52,3,1,2,0,0,0,0
5,16.96,52,3,1,2,0,0,0,0
5,17.05,52,3,1,2,0,0,0,0
5,17.13,52,3,1,2,0,0,0,0
5,17.22,52,3,1,2,0,0,0,0
5,17.3,52,3,1,2,0,0,0,0
5,17.38,52,3,1,2,0,0,0,0
5,17.46,52,3,1,2,0,0,0,0
5,17.53,52,3,1,2,0,0,0,0
5,17.61,52,3,1,2,0,0,0,0
5,17.69,52,3,1,2,0,0,0,0
5,17.76,52,3,1,2,0,0,0,0
5,17.84,52,3,1,2,0,0,0,0
5,17.93,52,3,1,2,0,0,0,0
5,18.01,52,3,1,2,0,0,0,0
5,18.09,52,3,1,2,0,0,0,0
5,18.18,52,3,1,2,0,0,0,0
5,18.25,52,3,1,2,0,0,0,0
5,18.31,52,3,1,2,0,0,0,0
5,18.38,52,3,1,2,0,0,0,0
5,18.44,52,3,1,2,0,0,0,0
5,18.5,52,3,1,2,0,0,0,0
5,18.57,52,3,1,2,0,0,0,0
5,18.63,52,3,1,2,0,0,0,0
5,18.69,52,3,1,2,0,0,0,0
5,18.75,52,3,1,2,0,0,0,0
5,18.81,52,3,1,2,0,0,0,0
5,18.87,52,3,1,2,0,0,0,0
5,18.93,52,3,1,2,0,0,0,0
5,19.01,52,3,1,2,0,0,0,0
5,19.08,52,3,1,2,0,0,0,0
5,19.18,52,3,1,2,0,0,0,0
5,19.24,52,3,1,2,0,0,0,0
5,19.32,52,3,1,2,0,0,0,0
5,19.39,52,3,1,2,0,0,0,0
5,19.46,52,3,1,2,0,0,0,0
5,19.53,52,3,1,2,0,0,0,0
5,19.6,52,3,1,2,0,0,0,0
5,19.67,52,3,1,2,0,0,0,0
5,19.75,52,3,1,2,0,0,0,0
5,19.83,52,3,1,2,0,0,0,0
5,19.92,52,3,1,2,0,0,0,0
5,20.0,52,3,1,2,0,0,0,0
5,20.08,52,3,1,2,0,0,0,0
5,20.16,52,3,1,2,0,0,0,0
5,20.24,52,3,1,2,0,0,0,0
5,20.31,52,3,1,2,0,0,0,0
5,20.4,52,3,1,2,0,0,0,0
5,20.48,52,3,1,2,0,0,0,0
5,20.56,52,3,1,2,0,0,0,0
5,20.64,52,3,1,2,0,0,0,0
5,20.71,52,3,1,2,0,0,0,0
5,20.79,52,3,1,2,0,0,0,0
5,20.86,52,3,1,2,0,0,0,0
5,20.93,52,3,1,2,0,0,0,0
5,21.0,52,3,1,2,0,0,0,0
5,21.13,52,3,1,2,0,0,0,0
5,21.25,52,3,1,2,0,0,0,0
5,21.33,52,3,1,2,0,0,0,0
5,21.43,52,3,1,2,0,0,0,0
5,21.51,52,3,1,2,0,0,0,0
5,21.58,52,3,1,2,0,0,0,0
5,21.65,52,3,1,2,0,0,0,0
5,21.71,52,3,1,2,0,0,0,0
5,21.77,52,3,1,2,0,0,0,0
5,21.85,52,3,1,2,0,0,0,0
5,21.91,52,3,1,2,0,0,0,0
5,21.98,52,3,1,2,0,0,0,0
5,22.06,52,3,1,2,0,0,0,0
5,22.13,52,3,1,2,0,0,0,0
5,22.21,52,3,1,2,0,0,0,0
5,22.28,52,3,1,2,0,0,0,0
5,22.35,52,3,1,2,0,0,0,0
5,22.42,52,3,1,2,0,0,0,0
5,22.49,52,3,1,2,0,0,0,0
5,22.56,52,3,1,2,0,0,0,0
5,22.63,52,3,1,2,0,0,0,0
5,22.69,52,3,1,2,0,0,0,0
5,22.76,52,3,1,2,0,0,0,0
5,22.84,52,3,1,2,0,0,0,0
5,22.92,52,3,1,2,0,0,0,0
5,23.0,52,3,1,2,0,0,0,0
5,23.09,52,3,1,2,0,0,0,0
5,23.17,52,3,1,2,0,0,0,0
5,23.25,52,3,1,2,0,0,0,0
5,23.34,52,3,1,2,0,0,0,0
5,23.42,52,3,1,2,0,0,0,0
5,23.49,52,3,1,2,0,0,0,0
5,23.56,52,3,1,2,0,0,0,0
5,23.63,52,3,1,2,0,0,0,0
5,23.7,52,3,1,2,0,0,0,0
5,23.76,52,3,1,2,0,0,0,0
5,23.85,52,3,1,2,0,0,0,0
5,23.91,52,3,1,2,0,0,0,0
5,23.98,52,3,1,2,0,0,0,0
5,24.05,52,3,1,2,0,0,0,0
5,24.14,52,3,1,2,0,0,0,0
5,24.21,52,3,1,2,0,0,0,0
5,24.29,52,3,1,2,0,0,0,0
5,24.38,52,3,1,2,0,0,0,0
5,24.46,52,3,1,2,0,0,0,0
5,24.57,52,3,1,2,0,0,0,0
5,24.66,52,3,1,2,0,0,0,0
5,24.74,52,3,1,2,0,0,0,0
5,24.8,52,3,1,2,0,0,0,0
5,24.87,52,3,1,2,0,0,0,0
5,24.93,52,3,1,2,0,0,0,0
5,25.0,52,3,1,2,0,0,0,0
5,25.06,52,3,1,2,0,0,0,0
5,25.14,52,3,1,2,0,0,0,0
5,25.21,52,3,1,2,0,0,0,0
5,25.28,52,3,1,2,0,0,0,0
5,25.36,52,3,1,2,0,0,0,0
5,25.45,52,3,1,2,0,0,0,0
5,25.53,52,3,1,2,0,0,0,0
5,25.61,52,3,1,2,0,0,0,0
5,25.7,52,3,1,2,0,0,0,0
5,25.8,52,3,1,2,0,0,0,0
5,25.87,52,3,1,2,0,0,0,0
5,25.95,52,3,1,2,0,0,0,0
5,26.02,52,3,1,2,0,0,0,0
5,26.09,52,3,1,2,0,0,0,0
5,26.16,52,3,1,2,0,0,0,0
5,26.23,52,3,1,2,0,0,0,0
5,26.31,52,3,1,2,0,0,0,0
5,26.41,52,3,1,2,0,0,0,0
5,26.49,52,3,1,2,0,0,0,0
5,26.57,52,3,1,2,0,0,0,0
5,26.65,52,3,1,2,0,0,0,0
5,26.72,52,3,1,2,0,0,0,0
5,26.81,52,3,1,2,0,0,0,0
5,26.89,52,3,1,2,0,0,0,0
5,26.97,52,3,1,2,0,0,0,0
5,27.05,52,3,1,2,0,0,0,0
5,27.11,52,3,1,2,0,0,0,0
5,27.17,52,3,1,2,0,0,0,0
5,27.24,52,3,1,2,0,0,0,0
5,27.3,52,3,1,2,0,0,0,0
5,27.36,52,3,1,2,0,0,0,0
5,27.42,52,3,1,2,0,0,0,0
5,27.49,52,3,1,2,0,0,0,0
5,27.55,52,3,1,2,0,0,0,0
5,27.64,52,3,1,2,0,0,0,0
5,27.72,52,3,1,2,0,0,0,0
5,27.81,52,3,1,2,0,0,0,0
5,27.88,52,3,1,2,0,0,0,0
5,27.94,52,3,1,2,0,0,0,0
5,28.01,52,3,1,2,0,0,0,0
5,28.07,52,3,1,2,0,0,0,0
5,28.13,52,3,1,2,0,0,0,0
5,28.19,52,3,1,2,0,0,0,0
5,28.24,52,3,1,2,0,0,0,0
5,28.3,52,3,1,2,0,0,0,0
5,28.36,52,3,1,2,0,0,0,0
5,28.43,52,3,1,2,0,0,0,0
5,28.51,52,3,1,2,0,0,0,0
5,28.6,52,3,1,2,0,0,0,0
5,28.67,52,3,1,2,0,0,0,0
5,28.74,52,3,1,2,0,0,0,0
5,28.81,52,3,1,2,0,0,0,0
5,28.88,52,3,1,2,0,0,0,0
5,28.95,52,3,1,2,0,0,0,0
5,29.03,52,3,1,2,0,0,0,0
5,29.1,52,3,1,2,0,0,0,0
5,29.17,52,3,1,2,0,0,0,0
5,29.25,52,3,1,2,0,0,0,0
5,29.33,52,3,1,2,0,0,0,0
5,29.44,52,3,1,2,0,0,0,0
5,29.52,52,3,1,2,0,0,0,0
5,29.61,52,3,1,2,0,0,0,0
5,29.71,52,3,1,2,0,0,0,0
5,29.81,52,3,1,2,0,0,0,0
5,29.92,52,3,1,2,0,0,0,0
5,30.0,52,3,1,2,0,0,0,0
5,30.09,52,3,1,2,0,0,0,0
5,30.18,52,3,1,2,0,0,0,0
5,30.27,52,3,1,2,0,0,0,0
5,30.36,52,3,1,2,0,0,0,0
5,30.44,52,3,1,2,0,0,0,0
5,30.53,52,3,1,2,0,0,0,0
5,30.62,52,3,1,2,0,0,0,0
5,30.72,52,3,1,2,0,0,0,0
5,30.79,52,3,1,2,0,0,0,0
5,30.87,52,3,1,2,0,0,0,0
5,30.94,52,3,1,2,0,0,0,0
5,31.0,52,3,1,2,0,0,0,0
5,31.07,52,3,1,2,0,0,0,0
5,31.14,52,3,1,2,0,0,0,0
5,31.2,52,3,1,2,0,0,0,0
5,31.27,52,3,1,2,0,0,0,0
5,31.33,52,3,1,2,0,0,0,0
5,31.39,52,3,1,2,0,0,0,0
5,31.46,52,3,1,2,0,0,0,0
5,31.51,52,3,1,2,0,0,0,0
5,31.57,52,3,1,2,0,0,0,0
5,31.63,52,3,1,2,0,0,0,0
5,31.69,52,3,1,2,0,0,0,0
5,31.75,52,3,1,2,0,0,0,0
5,31.81,52,3,1,2,0,0,0,0
5,31.9,52,3,1,2,0,0,0,0
5,31.97,52,3,1,2,0,0,0,0
5,32.05,52,3,1,2,0,0,0,0
5,32.12,52,3,1,2,0,0,0,0
5,32.19,52,3,1,2,0,0,0,0
5,32.25,52,3,1,2,0,0,0,0
5,32.32,52,3,1,2,0,0,0,0
5,32.39,52,3,1,2,0,0,0,0
5,32.46,52,3,1,2,0,0,0,0
5,32.53,52,3,1,2,0,0,0,0
5,32.6,52,3,1,2,0,0,0,0
5,32.69,52,3,1,2,0,0,0,0
5,32.76,52,3,1,2,0,0,0,0
5,32.83,52,3,1,2,0,0,0,0
5,32.9,52,3,1,2,0,0,0,0
5,32.97,52,3,1,2,0,0,0,0
5,33.04,52,3,1,2,0,0,0,0
5,33.12,52,3,1,2,0,0,0,0
5,33.2,52,3,1,2,0,0,0,0
5,33.27,52,3,1,2,0,0,0,0
5,33.34,52,3,1,2,0,0,0,0
5,33.41,52,3,1,2,0,0,0,0
5,33.49,52,3,1,2,0,0,0,0
5,33.56,52,3,1,2,0,0,0,0
5,33.63,52,3,1,2,0,0,0,0
5,33.7,52,3,1,2,0,0,0,0
5,33.75,52,3,1,2,0,0,0,0
5,33.81,52,3,1,2,0,0,0,0
5,33.88,52,3,1,2,0,0,0,0
5,33.94,52,3,1,2,0,0,0,0
5,34.01,52,3,1,2,0,0,0,0
5,34.09,52,3,1,2,0,0,0,0
5,34.16,52,3,1,2,0,0,0,0
5,34.23,52,3,1,2,0,0,0,0
5,34.3,52,3,1,2,0,0,0,0
5,34.37,52,3,1,2,0,0,0,0
5,34.44,52,3,1,2,0,0,0,0
5,34.52,52,3,1,2,0,0,0,0
5,34.62,52,3,1,2,0,0,0,0
5,34.7,52,3,1,2,0,0,0,0
5,34.78,52,3,1,2,0,0,0,0
5,34.85,52,3,1,2,0,0,0,0
5,34.92,52,3,1,2,0,0,0,0
5,34.99,52,3,1,2,0,0,0,0
5,35.07,52,3,1,2,0,0,0,0
5,35.14,52,3,1,2,0,0,0,0
5,35.22,52,3,1,2,0,0,0,0
5,35.29,52,3,1,2,0,0,0,0
5,35.36,52,3,1,2,0,0,0,0
5,35.43,52,3,1,2,0,0,0,0
5,35.5,52,3,1,2,0,0,0,0
5,35.57,52,3,1,2,0,0,0,0
5,35.67,52,3,1,2,0,0,0,0
5,35.73,52,3,1,2,0,0,0,0
5,35.8,52,3,1,2,0,0,0,0
5,35.87,52,3,1,2,0,0,0,0
5,35.95,52,3,1,2,0,0,0,0
5,36.02,52,3,1,2,0,0,0,0
5,36.09,52,3,1,2,0,0,0,0
5,36.16,52,3,1,2,0,0,0,0
5,36.23,52,3,1,2,0,0,0,0
5,36.29,52,3,1,2,0,0,0,0
5,36.35,52,3,1,2,0,0,0,0
5,36.41,52,3,1,2,0,0,0,0
5,36.47,52,3,1,2,0,0,0,0
5,36.53,52,3,1,2,0,0,0,0
5,36.6,52,3,1,2,0,0,0,0
5,36.66,52,3,1,2,0,0,0,0
5,36.73,52,3,1,2,0,0,0,0
5,36.79,52,3,1,2,0,0,0,0
5,36.85,52,3,1,2,0,0,0,0
5,36.9,52,3,1,2,0,0,0,0
5,36.96,52,3,1,2,0,0,0,0
5,37.02,52,3,1,2,0,0,0,0
5,37.15,52,3,1,2,0,0,0,0
5,37.27,52,3,1,2,0,0,0,0
5,37.39,52,3,1,2,0,0,0,0
5,37.51,52,3,1,2,0,0,0,0
5,37.63,52,3,1,2,0,0,0,0
5,37.76,52,3,1,2,0,0,0,0
5,37.89,52,3,1,2,0,0,0,0
5,38.01,52,3,1,2,0,0,0,0
5,38.14,52,3,1,2,0,0,0,0
5,38.26,52,3,1,2,0,0,0,0
5,38.53,52,3,1,2,0,0,0,0
5,38.76,52,3,1,2,0,0,0,0
5,39.02,52,3,1,2,0,0,0,0
5,39.33,52,3,1,2,0,0,0,0
5,39.69,52,3,1,2,0,0,0,0
5,40.05,52,3,1,2,0,0,0,0
5,40.39,52,3,1,2,0,0,0,0
5,40.72,52,3,1,2,0,0,0,0
5,41.03,52,3,1,2,0,0,0,0
5,41.33,52,3,1,2,0,0,0,0
5,41.66,52,3,1,2,0,0,0,0
5,41.96,52,3,1,2,0,0,0,0
5,42.26,52,3,1,2,0,0,0,0
5,42.55,52,3,1,2,0,0,0,0
5,42.85,52,3,1,2,0,0,0,0
5,43.12,52,3,1,2,0,0,0,0
5,43.4,52,3,1,2,0,0,0,0
5,43.68,52,3,1,2,0,0,0,0
5,43.97,52,3,1,2,0,0,0,0
5,44.24,52,3,1,2,0,0,0,0
5,44.51,52,3,1,2,0,0,0,0
5,44.81,52,3,1,2,0,0,0,0
5,45.22,52,3,1,2,0,0,0,0
5,45.52,52,3,1,2,0,0,0,0
5,45.83,52,3,1,2,0,0,0,0
5,46.11,52,3,1,2,0,0,0,0
5,46.4,52,3,1,2,0,0,0,0
5,46.7,52,3,1,2,0,0,0,0
5,47.03,52,3,1,2,0,0,0,0
5,47.28,52,3,1,2,0,0,0,0
5,47.55,52,3,1,2,0,0,0,0
5,47.8,52,3,1,2,0,0,0,0
5,48.08,52,3,1,2,0,0,0,0
5,48.34,52,3,1,2,0,0,0,0
5,48.67,52,3,1,2,0,0,0,0
5,48.94,52,3,1,2,0,0,0,0
5,49.25,52,3,1,2,0,0,0,0
5,49.53,52,3,1,2,0,0,0,0
5,49.83,52,3,1,2,0,0,0,0
5,50.13,52,3,1,2,0,0,0,0
5,50.42,52,3,1,2,0,0,0,0
5,50.65,52,3,1,2,0,0,0,0
5,50.9,52,3,1,2,0,0,0,0
5,51.15,52,3,1,2,0,0,0,0
5,51.42,52,3,1,2,0,0,0,0
5,51.64,52,3,1,2,0,0,0,0
5,51.87,52,3,1,2,0,0,0,0
5,52.11,52,3,1,2,0,0,0,0
5,52.35,52,3,1,2,0,0,0,0
5,52.62,52,3,1,2,0,0,0,0
5,52.89,52,3,1,2,0,0,0,0
5,53.15,52,3,1,2,0,0,0,0
5,53.42,52,3,1,2,0,0,0,0
5,53.71,52,3,1,2,0,0,0,0
5,53.99,52,3,1,2,0,0,0,0
5,54.28,52,3,1,2,0,0,0,0
5,54.58,52,3,1,2,0,0,0,0
5,54.88,52,3,1,2,0,0,0,0
5,55.18,52,3,1,2,0,0,0,0
5,55.5,52,3,1,2,0,0,0,0
5,55.83,52,3,1,2,0,0,0,0
5,56.15,52,3,1,2,0,0,0,0
5,56.47,52,3,1,2,0,0,0,0
5,56.78,52,3,1,2,0,0,0,0
5,57.1,52,3,1,2,0,0,0,0
5,57.4,52,3,1,2,0,0,0,0
5,57.7,52,3,1,2,0,0,0,0
5,58.01,52,3,1,2,0,0,0,0
5,58.35,52,3,1,2,0,0,0,0
5,58.64,52,3,1,2,0,0,0,0
5,58.92,52,3,1,2,0,0,0,0
5,59.18,52,3,1,2,0,0,0,0
5,59.45,52,3,1,2,0,0,0,0
5,59.68,52,3,1,2,0,0,0,0
5,59.95,52,3,1,2,0,0,0,0
5,60.19,52,3,1,2,0,0,0,0
5,60.5,52,3,1,2,0,0,0,0
5,60.81,52,3,1,2,0,0,0,0
5,61.03,52,3,1,2,0,0,0,0
5,61.28,52,3,1,2,0,0,0,0
5,61.5,52,3,1,2,0,0,0,0
5,61.73,52,3,1,2,0,0,0,0
5,61.96,52,3,1,2,0,0,0,0
5,62.19,52,3,1,2,0,0,0,0
5,62.71,52,3,1,2,0,0,0,0
5,63.23,52,3,1,2,0,0,0,0
5,63.88,52,3,1,2,0,0,0,0
5,64.34,52,3,1,2,0,0,0,0
5,64.89,52,3,1,2,0,0,0,0
5,65.36,52,3,1,2,0,0,0,0
5,65.9,52,3,1,2,0,0,0,0
5,66.41,52,3,1,2,0,0,0,0
5,66.92,52,3,1,2,0,0,0,0
5,67.53,52,3,1,2,0,0,0,0
5,68.09,52,3,1,2,0,0,0,0
5,68.64,52,3,1,2,0,0,0,0
5,69.11,52,3,1,2,0,0,0,0
5,69.47,52,3,1,2,0,0,0,0
5,69.85,52,3,1,2,0,0,0,0
5,70.27,52,3,1,2,0,0,0,0
5,70.75,52,3,1,2,0,0,0,0
5,71.3,52,3,1,2,0,0,0,0
5,71.91,52,3,1,2,0,0,0,0
5,72.48,52,3,1,2,0,0,0,0
5,73.19,52,3,1,2,0,0,0,0
5,73.66,52,3,1,2,0,0,0,0
5,74.18,52,3,1,2,0,0,0,0
5,74.95,52,3,1,2,0,0,0,0
5,75.41,52,3,1,2,0,0,0,0
5,75.92,52,3,1,2,0,0,0,0
5,76.43,52,3,1,2,0,0,0,0
5,76.95,52,3,1,2,0,0,0,0
5,77.47,52,3,1,2,0,0,0,0
5,78.0,52,3,1,2,0,0,0,0
5,78.45,52,3,1,2,0,0,0,0
5,78.92,52,3,1,2,0,0,0,0
5,79.48,52,3,1,2,0,0,0,0
5,79.98,52,3,1,2,0,0,0,0
5,80.61,52,3,1,2,0,0,0,0
5,81.24,52,3,1,2,0,0,0,0
5,82.08,52,3,1,2,0,0,0,0
5,82.99,52,3,1,2,0,0,0,0
5,83.73,52,3,1,2,0,0,0,0
5,84.69,52,3,1,2,0,0,0,0
5,85.8,52,3,1,2,0,0,0,0
5,87.16,52,3,1,2,0,0,0,0
5,88.17,52,3,1,2,0,0,0,0
5,89.44,52,3,1,2,0,0,0,0
5,90.3,52,3,1,2,0,0,0,0
5,91.32,52,3,1,2,0,0,0,0
5,92.37,52,3,1,2,0,0,0,0
5,93.49,52,3,1,2,0,0,0,0
5,94.51,52,3,1,2,0,0,0,0
5,95.45,52,3,1,2,0,0,0,0
5,96.21,52,3,1,2,0,0,0,0
5,96.97,52,3,1,2,0,0,0,0
5,97.76,52,3,1,2,0,0,0,0
5,98.52,52,3,1,2,0,0,0,0
5,99.54,52,3,1,2,0,0,0,0
5,100.27,52,3,1,2,0,0,0,0
5,101.18,52,3,1,2,0,0,0,0
5,101.91,52,3,1,2,0,0,0,0
5,102.89,52,3,1,2,0,0,0,0
5,104.0,52,3,1,2,0,0,0,0
5,104.95,52,3,1,2,0,0,0,0
5,105.91,52,3,1,2,0,0,0,0
5,106.67,52,3,1,2,0,0,0,0
5,107.37,52,3,1,2,0,0,0,0
5,108.13,52,3,1,2,0,0,0,0
5,108.91,52,3,1,2,0,0,0,0
5,109.72,52,3,1,2,0,0,0,0
5,111.02,52,3,1,2,0,0,0,0
5,112.28,52,3,1,2,0,0,0,0
5,113.36,52,3,1,2,0,0,0,0
5,114.42,52,3,1,2,0,0,0,0
5,115.42,52,3,1,2,0,0,0,0
5,116.26,52,3,1,2,0,0,0,0
5,117.64,52,3,1,2,0,0,0,0
5,118.37,52,3,1,2,0,0,0,0
5,119.67,52,3,1,2,0,0,0,0
5,120.41,52,3,1,2,0,0,0,0
5,121.52,52,3,1,2,0,0,0,0
5,122.41,52,3,1,2,0,0,0,0
5,123.63,52,3,1,2,0,0,0,0
5,124.67,52,3,1,2,0,0,0,0
5,125.62,52,3,1,2,0,0,0,0
5,126.5,52,3,1,2,0,0,0,0
5,127.22,52,3,1,2,0,0,0,0
5,128.29,52,3,1,2,0,0,0,0
5,129.1,52,3,1,2,0,0,0,0
5,130.74,52,3,1,2,0,0,0,0
5,131.99,52,3,1,2,0,0,0,0
5,133.31,52,3,1,2,0,0,0,0
5,134.33,52,3,1,2,0,0,0,0
5,135.21,52,3,1,2,0,0,0,0
5,135.95,52,3,1,2,0,0,0,0
5,136.87,52,3,1,2,0,0,0,0
5,137.69,52,3,1,2,0,0,0,0
5,138.72,52,3,1,2,0,0,0,0
5,139.74,52,3,1,2,0,0,0,0
5,140.59,52,3,1,2,0,0,0,0
5,141.67,52,3,1,2,0,0,0,0
5,142.97,52,3,1,2,0,0,0,0
5,143.83,52,3,1,2,0,0,0,0
5,145.02,52,3,1,2,0,0,0,0
5,145.94,52,3,1,2,0,0,0,0
5,146.8,52,3,1,2,0,0,0,0
5,147.86,52,3,1,2,0,0,0,0
5,148.92,52,3,1,2,0,0,0,0
5,149.88,52,3,1,2,0,0,0,0
5,151.11,52,3,1,2,0,0,0,0
5,152.22,52,3,1,2,0,0,0,0
5,153.51,52,3,1,2,0,0,0,0
5,154.49,52,3,1,2,0,0,0,0
5,155.42,52,3,1,2,0,0,0,0
5,156.24,52,3,1,2,0,0,0,0
5,157.25,52,3,1,2,0,0,0,0
5,158.27,52,3,1,2,0,0,0,0
5,159.29,52,3,1,2,0,0,0,0
5,160.13,52,3,1,2,0,0,0,0
5,161.08,52,3,1,2,0,0,0,0
5,162.15,52,3,1,2,0,0,0,0
5,163.33,52,3,1,2,0,0,0,0
5,164.36,52,3,1,2,0,0,0,0
5,165.09,52,3,1,2,0,0,0,0
5,166.1,52,3,1,2,0,0,0,0
5,167.05,52,3,1,2,0,0,0,0
5,168.16,52,3,1,2,0,0,0,0
5,169.04,52,3,1,2,0,0,0,0
5,169.87,52,3,1,2,0,0,0,0
5,171.0,52,3,1,2,0,0,0,0
5,171.88,52,3,1,2,0,0,0,0
5,173.09,52,3,1,2,0,0,0,0
5,173.98,52,3,1,2,0,0,0,0
5,175.03,52,3,1,2,0,0,0,0
5,175.94,52,3,1,2,0,0,0,0
5,176.83,52,3,1,2,0,0,0,0
5,177.8,52,3,1,2,0,0,0,0
5,178.98,52,3,1,2,0,0,0,0
5,179.94,52,3,1,2,0,0,0,0
5,181.23,52,3,1,2,0,0,0,0
5,182.22,52,3,1,2,0,0,0,0
5,183.47,52,3,1,2,0,0,0,0
5,184.12,52,3,1,2,0,0,0,0
5,185.16,52,3,1,2,0,0,0,0
5,185.87,52,3,1,2,0,0,0,0
5,186.91,52,3,1,2,0,0,0,0
5,188.26,52,3,1,2,0,0,0,0
5,188.8,52,3,1,2,0,0,0,0
5,189.58,52,3,1,2,0,0,0,0
5,190.28,52,3,1,2,0,0,0,0
5,190.96,52,3,1,2,0,0,0,0
5,191.81,52,3,1,2,0,0,0,0
5,192.5,52,3,1,2,0,0,0,0
5,193.18,52,3,1,2,0,0,0,0
5,193.77,52,3,1,2,0,0,0,0
5,194.5,52,3,1,2,0,0,0,0
5,195.37,52,3,1,2,0,0,0,0
5,196.24,52,3,1,2,0,0,0,0
5,197.51,52,3,1,2,0,0,0,0
5,198.9,52,3,1,2,0,0,0,0
5,199.65,52,3,1,2,0,0,0,0
5,200.83,52,3,1,2,0,0,0,0
5,201.89,52,3,1,2,0,0,0,0
5,202.64,52,3,1,2,0,0,0,0
5,203.86,52,3,1,2,0,0,0,0
5,204.62,52,3,1,2,0,0,0,0
5,207.7,52,3,1,2,0,0,0,0
5,209.4,52,3,1,2,0,0,0,0
5,211.53,52,3,1,2,0,0,0,0
5,212.69,52,3,1,2,0,0,0,0
5,214.7,52,3,1,2,0,0,0,0
5,216.24,52,3,1,2,0,0,0,0
5,218.7,52,3,1,2,0,0,0,0
5,219.87,52,3,1,2,0,0,0,0
5,222.58,52,3,1,2,0,0,0,0
5,223.92,52,3,1,2,0,0,0,0
5,226.5,52,3,1,2,0,0,0,0
5,228.03,52,3,1,2,0,0,0,0
5,229.92,52,3,1,2,0,0,0,0
5,231.53,52,3,1,2,0,0,0,0
5,233.48,52,3,1,2,0,0,0,0
5,234.81,52,3,1,2,0,0,0,0
5,236.68,52,3,1,2,0,0,0,0
5,237.99,52,3,1,2,0,0,0,0
5,240.89,52,3,1,2,0,0,0,0
5,242.83,52,3,1,2,0,0,0,0
5,244.75,52,3,1,2,0,0,0,0
5,245.67,52,3,1,2,0,0,0,0
5,247.62,52,3,1,2,0,0,0,0
5,249.33,52,3,1,2,0,0,0,0
5,251.84,52,3,1,2,0,0,0,0
5,253.55,52,3,1,2,0,0,0,0
5,255.26,52,3,1,2,0,0,0,0
5,256.41,52,3,1,2,0,0,0,0
5,258.05,52,3,1,2,0,0,0,0
5,259.76,52,3,1,2,0,0,0,0
5,261.38,52,3,1,2,0,0,0,0
5,263.54,52,3,1,2,0,0,0,0
5,265.24,52,3,1,2,0,0,0,0
5,267.01,52,3,1,2,0,0,0,0
5,268.47,52,3,1,2,0,0,0,0
5,270.2,52,3,1,2,0,0,0,0
5,271.71,52,3,1,2,0,0,0,0
5,273.85,52,3,1,2,0,0,0,0
5,275.85,52,3,1,2,0,0,0,0
5,277.61,52,3,1,2,0,0,0,0
5,279.38,52,3,1,2,0,0,0,0
5,280.95,52,3,1,2,0,0,0,0
5,283.09,52,3,1,2,0,0,0,0
5,284.61,52,3,1,2,0,0,0,0
5,286.75,52,3,1,2,0,0,0,0
5,287.96,52,3,1,2,0,0,0,0
5,290.39,52,3,1,2,0,0,0,0
5,292.49,52,3,1,2,0,0,0,0
5,294.59,52,3,1,2,0,0,0,0
5,295.94,52,3,1,2,0,0,0,0
5,297.99,52,3,1,2,0,0,0,0
5,299.67,52,3,1,2,0,0,0,0
5,301.51,52,3,1,2,0,0,0,0
5,303.23,52,3,1,2,0,0,0,0
5,305.55,52,3,1,2,0,0,0,0
5,307.46,52,3,1,2,0,0,0,0
5,309.76,52,3,1,2,0,0,0,0
5,311.85,52,3,1,2,0,0,0,0
5,313.48,52,3,1,2,0,0,0,0
5,314.89,52,3,1,2,0,0,0,0
5,316.18,52,3,1,2,0,0,0,0
5,318.63,52,3,1,2,0,0,0,0
5,320.46,52,3,1,2,0,0,0,0
5,322.31,52,3,1,2,0,0,0,0
5,323.5,52,3,1,2,0,0,0,0
5,325.49,52,3,1,2,0,0,0,0
5,326.97,52,3,1,2,0,0,0,0
5,329.01,52,3,1,2,0,0,0,0
5,330.26,52,3,1,2,0,0,0,0
5,332.78,52,3,1,2,0,0,0,0
5,334.72,52,3,1,2,0,0,0,0
5,337.25,52,3,1,2,0,0,0,0
5,338.82,52,3,1,2,0,0,0,0
5,340.4,52,3,1,2,0,0,0,0
5,342.08,52,3,1,2,0,0,0,0
5,344.05,52,3,1,2,0,0,0,0
5,345.51,52,3,1,2,0,0,0,0
5,347.47,52,3,1,2,0,0,0,0
5,349.04,52,3,1,2,0,0,0,0
5,351.34,52,3,1,2,0,0,0,0
5,352.88,52,3,1,2,0,0,0,0
5,355.61,52,3,1,2,0,0,0,0
5,357.08,52,3,1,2,0,0,0,0
5,359.51,52,3,1,2,0,0,0,0
5,361.06,52,3,1,2,0,0,0,0
5,363.33,52,3,1,2,0,0,0,0
5,365.32,52,3,1,2,0,0,0,0
5,367.18,52,3,1,2,0,0,0,0
5,368.4,52,3,1,2,0,0,0,0
5,370.61,52,3,1,2,0,0,0,0
5,373.53,52,3,1,2,0,0,0,0
5,376.24,52,3,1,2,0,0,0,0
5,378.28,52,3,1,2,0,0,0,0
5,380.84,52,3,1,2,0,0,0,0
5,382.81,52,3,1,2,0,0,0,0
5,385.37,52,3,1,2,0,0,0,0
5,388.27,52,3,1,2,0,0,0,0
5,391.76,52,3,1,2,0,0,0,0
5,394.73,52,3,1,2,0,0,0,0
5,398.23,52,3,1,2,0,0,0,0
5,403.31,52,3,1,2,0,0,0,0
5,406.47,52,3,1,2,0,0,0,0
5,410.82,52,3,1,2,0,0,0,0
5,415.56,52,3,1,2,0,0,0,0
5,417.93,52,3,1,2,0,0,0,0
5,419.83,52,3,1,2,0,0,0,0
5,424.1,52,3,1,2,0,0,0,0
5,426.31,52,3,1,2,0,0,0,0
5,430.43,52,3,1,2,0,0,0,0
5,433.2,52,3,1,2,0,0,0,0
5,437.38,52,3,1,2,0,0,0,0
5,439.93,52,3,1,2,0,0,0,0
5,442.69,52,3,1,2,0,0,0,0
5,444.94,52,3,1,2,0,0,0,0
5,448.48,52,3,1,2,0,0,0,0
5,452.27,52,3,1,2,0,0,0,0
5,455.37,52,3,1,2,0,0,0,0
5,458.15,52,3,1,2,0,0,0,0
5,461.94,52,3,1,2,0,0,0,0
5,466.35,52,3,1,2,0,0,0,0
5,470.51,52,3,1,2,0,0,0,0
5,474.44,52,3,1,2,0,0,0,0
5,477.75,52,3,1,2,0,0,0,0
5,480.13,52,3,1,2,0,0,0,0
5,485.11,52,3,1,2,0,0,0,0
5,488.53,52,3,1,2,0,0,0,0
5,491.43,52,3,1,2,0,0,0,0
5,494.5,52,3,1,2,0,0,0,0
5,498.04,52,3,1,2,0,0,0,0
5,502.13,52,3,1,2,0,0,0,0
5,506.24,52,3,1,2,0,0,0,0
5,510.54,52,3,1,2,0,0,0,0
5,513.35,52,3,1,2,0,0,0,0
5,516.39,52,3,1,2,0,0,0,0
5,519.58,52,3,1,2,0,0,0,0
5,523.01,52,3,1,2,0,0,0,0
5,526.66,52,3,1,2,0,0,0,0
5,531.27,52,3,1,2,0,0,0,0
5,534.28,52,3,1,2,0,0,0,0
5,537.47,52,3,1,2,0,0,0,0
5,540.98,52,3,1,2,0,0,0,0
5,545.92,52,3,1,2,0,0,0,0
5,550.92,52,3,1,2,0,0,0,0
5,554.05,52,3,1,2,0,0,0,0
5,556.57,52,3,1,2,0,0,0,0
5,559.81,52,3,1,2,0,0,0,0
5,564.89,52,3,1,2,0,0,0,0
5,569.71,52,3,1,2,0,0,0,0
5,573.07,52,3,1,2,0,0,0,0
5,576.45,52,3,1,2,0,0,0,0
5,579.29,52,3,1,2,0,0,0,0
5,582.05,52,3,1,2,0,0,0,0
5,584.24,52,3,1,2,0,0,0,0
5,586.81,52,3,1,2,0,0,0,0
5,589.9,52,3,1,2,0,0,0,0
5,593.2,52,3,1,2,0,0,0,0
5,601.62,52,3,1,2,0,0,0,0
5,606.76,52,3,1,2,0,0,0,0
5,612.09,52,3,1,2,0,0,0,0
5,621.41,52,3,1,2,0,0,0,0
5,630.07,52,3,1,2,0,0,0,0
5,639.26,52,3,1,2,0,0,0,0
5,646.04,52,3,1,2,0,0,0,0
5,652.39,52,3,1,2,0,0,0,0
5,656.97,52,3,1,2,0,0,0,0
5,664.24,52,3,1,2,1,0,0,0
5,868.26,51,3,1,2,1,1,0,0
6,0.0,52,3,2,1,0,0,0,0
6,0.0,52,3,2,1,0,0,0,0
6,0.18,52,3,2,1,0,0,0,0
6,0.34,52,3,2,1,0,0,0,0
6,0.5,52,3,2,1,0,0,0,0
6,0.69,52,3,2,1,0,0,0,0
6,0.85,52,3,2,1,0,0,0,0
6,1.02,52,3,2,1,0,0,0,0
6,1.19,52,3,2,1,0,0,0,0
7,0.0,52,3,1,2,0,0,0,0
7,0.0,52,3,1,2,0,0,0,0
7,0.16,52,3,1,2,0,0,0,0
7,0.33,52,3,1,2,0,0,0,0
7,0.5,52,3,1,2,0,0,0,0
7,0.65,52,3,1,2,0,0,0,0
7,0.8,52,3,1,2,0,0,0,0
7,1.37,52,3,1,2,0,0,0,0
7,1.46,52,3,1,2,0,0,0,0
7,1.53,52,3,1,2,0,0,0,0
7,1.61,52,3,1,2,0,0,0,0
7,1.68,52,3,1,2,0,0,0,0
7,1.78,52,3,1,2,0,0,0,0
7,1.85,52,3,1,2,0,0,0,0
7,1.92,52,3,1,2,0,0,0,0
7,1.98,52,3,1,2,0,0,0,0
7,2.04,52,3,1,2,0,0,0,0
7,2.12,52,3,1,2,0,0,0,0
7,2.18,52,3,1,2,0,0,0,0
7,2.25,52,3,1,2,0,0,0,0
7,2.31,52,3,1,2,0,0,0,0
7,2.36,52,3,1,2,0,0,0,0
7,2.42,52,3,1,2,0,0,0,0
7,2.47,52,3,1,2,0,0,0,0
7,2.53,52,3,1,2,0,0,0,0
7,2.59,52,3,1,2,0,0,0,0
7,2.64,52,3,1,2,0,0,0,0
7,2.7,52,3,1,2,0,0,0,0
7,2.75,52,3,1,2,0,0,0,0
7,2.81,52,3,1,2,0,0,0,0
7,2.88,52,3,1,2,0,0,0,0
7,2.94,52,3,1,2,0,0,0,0
7,2.99,52,3,1,2,0,0,0,0
7,3.05,52,3,1,2,0,0,0,0
7,3.11,52,3,1,2,0,0,0,0
7,3.16,52,3,1,2,0,0,0,0
7,3.22,52,3,1,2,0,0,0,0
7,3.29,52,3,1,2,0,0,0,0
7,3.36,52,3,1,2,0,0,0,0
7,3.43,52,3,1,2,0,0,0,0
7,3.49,52,3,1,2,0,0,0,0
7,3.55,52,3,1,2,0,0,0,0
7,3.61,52,3,1,2,0,0,0,0
7,3.68,52,3,1,2,0,0,0,0
7,3.75,52,3,1,2,0,0,0,0
7,3.82,52,3,1,2,0,0,0,0
7,3.88,52,3,1,2,0,0,0,0
7,3.94,52,3,1,2,0,0,0,0
7,4.01,52,3,1,2,0,0,0,0
7,4.08,52,3,1,2,0,0,0,0
7,4.16,52,3,1,2,0,0,0,0
7,4.26,52,3,1,2,0,0,0,0
7,4.34,52,3,1,2,0,0,0,0
7,4.41,52,3,1,2,0,0,0,0
7,4.48,52,3,1,2,0,0,0,0
7,4.55,52,3,1,2,0,0,0,0
7,4.62,52,3,1,2,0,0,0,0
7,4.68,52,3,1,2,0,0,0,0
7,4.76,52,3,1,2,0,0,0,0
7,4.84,52,3,1,2,0,0,0,0
7,4.92,52,3,1,2,0,0,0,0
7,5.0,52,3,1,2,0,0,0,0
7,5.08,52,3,1,2,0,0,0,0
7,5.16,52,3,1,2,0,0,0,0
7,5.25,52,3,1,2,0,0,0,0
7,5.33,52,3,1,2,0,0,0,0
7,5.4,52,3,1,2,0,0,0,0
7,5.47,52,3,1,2,0,0,0,0
7,5.54,52,3,1,2,0,0,0,0
7,5.61,52,3,1,2,0,0,0,0
7,5.68,52,3,1,2,0,0,0,0
7,5.77,52,3,1,2,0,0,0,0
7,5.84,52,3,1,2,0,0,0,0
7,5.91,52,3,1,2,0,0,0,0
7,5.97,52,3,1,2,0,0,0,0
7,6.04,52,3,1,2,0,0,0,0
7,6.11,52,3,1,2,0,0,0,0
7,6.25,52,3,1,2,0,0,0,0
7,6.38,52,3,1,2,0,0,0,0
7,6.49,52,3,1,2,0,0,0,0
7,6.6,52,3,1,2,0,0,0,0
7,6.68,52,3,1,2,0,0,0,0
7,6.75,52,3,1,2,0,0,0,0
7,6.82,52,3,1,2,0,0,0,0
7,6.9,52,3,1,2,0,0,0,0
7,6.97,52,3,1,2,0,0,0,0
7,7.05,52,3,1,2,0,0,0,0
7,7.12,52,3,1,2,0,0,0,0
7,7.2,52,3,1,2,0,0,0,0
7,7.27,52,3,1,2,0,0,0,0
7,7.35,52,3,1,2,0,0,0,0
7,7.43,52,3,1,2,0,0,0,0
7,7.5,52,3,1,2,0,0,0,0
7,7.58,52,3,1,2,0,0,0,0
7,7.67,52,3,1,2,0,0,0,0
7,7.8,52,3,1,2,0,0,0,0
7,7.9,52,3,1,2,0,0,0,0
7,8.03,52,3,1,2,0,0,0,0
7,8.11,52,3,1,2,0,0,0,0
7,8.2,52,3,1,2,0,0,0,0
7,8.29,52,3,1,2,0,0,0,0
7,8.37,52,3,1,2,0,0,0,0
7,8.46,52,3,1,2,0,0,0,0
7,8.55,52,3,1,2,0,0,0,0
7,8.64,52,3,1,2,0,0,0,0
7,8.73,52,3,1,2,0,0,0,0
7,8.82,52,3,1,2,0,0,0,0
7,8.91,52,3,1,2,0,0,0,0
7,9.0,52,3,1,2,0,0,0,0
7,9.08,52,3,1,2,0,0,0,0
7,9.17,52,3,1,2,0,0,0,0
7,9.26,52,3,1,2,0,0,0,0
7,9.35,52,3,1,2,0,0,0,0
7,9.44,52,3,1,2,0,0,0,0
7,9.54,52,3,1,2,0,0,0,0
7,9.66,52,3,1,2,0,0,0,0
7,9.77,52,3,1,2,0,0,0,0
7,9.86,52,3,1,2,0,0,0,0
7,9.95,52,3,1,2,0,0,0,0
7,10.03,52,3,1,2,0,0,0,0
7,10.12,52,3,1,2,0,0,0,0
7,10.22,52,3,1,2,0,0,0,0
7,10.32,52,3,1,2,0,0,0,0
7,10.41,52,3,1,2,0,0,0,0
7,10.5,52,3,1,2,0,0,0,0
7,10.57,52,3,1,2,0,0,0,0
7,10.64,52,3,1,2,0,0,0,0
7,10.71,52,3,1,2,0,0,0,0
7,10.78,52,3,1,2,0,0,0,0
7,10.85,52,3,1,2,0,0,0,0
7,10.92,52,3,1,2,0,0,0,0
7,10.99,52,3,1,2,0,0,0,0
7,11.05,52,3,1,2,0,0,0,0
7,11.12,52,3,1,2,0,0,0,0
7,11.18,52,3,1,2,0,0,0,0
7,11.24,52,3,1,2,0,0,0,0
7,11.29,52,3,1,2,0,0,0,0
7,11.35,52,3,1,2,0,0,0,0
7,11.42,52,3,1,2,0,0,0,0
7,11.48,52,3,1,2,0,0,0,0
7,11.54,52,3,1,2,0,0,0,0
7,11.61,52,3,1,2,0,0,0,0
7,11.67,52,3,1,2,0,0,0,0
7,11.75,52,3,1,2,0,0,0,0
7,11.81,52,3,1,2,0,0,0,0
7,11.87,52,3,1,2,0,0,0,0
7,11.93,52,3,1,2,0,0,0,0
7,11.99,52,3,1,2,0,0,0,0
7,12.06,52,3,1,2,0,0,0,0
7,12.13,52,3,1,2,0,0,0,0
7,12.21,52,3,1,2,0,0,0,0
7,12.28,52,3,1,2,0,0,0,0
7,12.35,52,3,1,2,0,0,0,0
7,12.42,52,3,1,2,0,0,0,0
7,12.5,52,3,1,2,0,0,0,0
7,12.56,52,3,1,2,0,0,0,0
7,12.64,52,3,1,2,0,0,0,0
7,12.71,52,3,1,2,0,0,0,0
7,12.78,52,3,1,2,0,0,0,0
7,12.87,52,3,1,2,0,0,0,0
7,12.95,52,3,1,2,0,0,0,0
7,13.03,52,3,1,2,0,0,0,0
7,13.11,52,3,1,2,0,0,0,0
7,13.2,52,3,1,2,0,0,0,0
7,13.29,52,3,1,2,0,0,0,0
7,13.38,52,3,1,2,0,0,0,0
7,13.47,52,3,1,2,0,0,0,0
7,13.57,52,3,1,2,0,0,0,0
7,13.65,52,3,1,2,0,0,0,0
7,13.73,52,3,1,2,0,0,0,0
7,13.81,52,3,1,2,0,0,0,0
7,13.89,52,3,1,2,0,0,0,0
7,13.96,52,3,1,2,0,0,0,0
7,14.06,52,3,1,2,0,0,0,0
7,14.13,52,3,1,2,0,0,0,0
7,14.2,52,3,1,2,0,0,0,0
7,14.27,52,3,1,2,0,0,0,0
7,14.33,52,3,1,2,0,0,0,0
7,14.4,52,3,1,2,0,0,0,0
7,14.46,52,3,1,2,0,0,0,0
7,14.53,52,3,1,2,0,0,0,0
7,14.6,52,3,1,2,0,0,0,0
7,14.68,52,3,1,2,0,0,0,0
7,14.74,52,3,1,2,0,0,0,0
7,14.81,52,3,1,2,0,0,0,0
7,14.88,52,3,1,2,0,0,0,0
7,14.94,52,3,1,2,0,0,0,0
7,15.01,52,3,1,2,0,0,0,0
7,15.07,52,3,1,2,0,0,0,0
7,15.13,52,3,1,2,0,0,0,0
7,15.19,52,3,1,2,0,0,0,0
7,15.25,52,3,1,2,0,0,0,0
7,15.32,52,3,1,2,0,0,0,0
7,15.39,52,3,1,2,0,0,0,0
7,15.47,52,3,1,2,0,0,0,0
7,15.56,52,3,1,2,0,0,0,0
7,15.63,52,3,1,2,0,0,0,0
7,15.73,52,3,1,2,0,0,0,0
7,15.8,52,3,1,2,0,0,0,0
7,15.88,52,3,1,2,0,0,0,0
7,15.99,52,3,1,2,0,0,0,0
7,16.06,52,3,1,2,0,0,0,0
7,16.14,52,3,1,2,0,0,0,0
7,16.21,52,3,1,2,0,0,0,0
7,16.27,52,3,1,2,0,0,0,0
7,16.34,52,3,1,2,0,0,0,0
7,16.4,52,3,1,2,0,0,0,0
7,16.47,52,3,1,2,0,0,0,0
7,16.54,52,3,1,2,0,0,0,0
7,16.6,52,3,1,2,0,0,0,0
7,16.68,52,3,1,2,0,0,0,0
7,16.75,52,3,1,2,0,0,0,0
7,16.83,52,3,1,2,1,0,0,0
7,18.83,52,3,1,2,1,0,0,0
7,18.89,52,3,1,2,1,0,0,0
7,18.97,52,3,1,2,1,0,0,0
7,19.05,52,3,1,2,1,0,0,0
7,19.44,52,3,1,2,1,0,0,0
7,19.54,52,3,1,2,1,0,0,0
7,20.15,52,3,1,2,1,0,0,0
7,20.22,52,3,1,2,1,0,0,0
7,20.69,52,3,1,2,1,0,0,0
7,20.75,52,3,1,2,1,0,0,0
7,20.81,52,3,1,2,1,0,0,0
7,20.88,52,3,1,2,1,0,0,0
7,20.94,52,3,1,2,1,0,0,0
7,21.02,52,3,1,2,1,0,0,0
7,21.08,52,3,1,2,1,0,0,0
7,21.14,51,3,1,2,1,0,0,1
7,21.19,51,3,1,2,1,0,0,1
7,21.25,51,3,1,2,1,0,0,1
7,21.29,51,3,1,2,1,0,0,1
7,21.34,51,3,1,2,1,0,0,1
7,21.39,51,3,1,2,1,0,0,1
7,21.44,51,3,1,2,1,0,0,1
7,21.51,51,3,1,2,1,0,0,1
7,21.58,51,3,1,2,1,0,0,1
7,21.66,51,3,1,2,1,0,0,1
7,21.73,51,3,1,2,1,0,0,1
7,21.79,51,3,1,2,1,0,0,1
7,21.85,51,3,1,2,1,0,0,1
7,21.92,51,3,1,2,1,0,0,1
7,21.98,51,3,1,2,1,0,0,1
7,22.05,51,3,1,2,1,0,0,1
7,22.13,51,3,1,2,1,0,0,1
7,22.19,50,3,1,2,1,0,0,2
7,22.26,49,3,1,2,1,0,0,3
7,22.32,49,3,1,2,1,0,0,3
7,22.39,49,3,1,2,1,0,0,3
7,22.45,49,3,1,2,1,0,0,3
7,22.51,48,3,1,2,1,0,0,4
7,22.57,48,3,1,2,1,0,0,4
7,22.65,48,3,1,2,1,0,0,4
7,22.72,48,3,1,2,1,0,0,4
7,22.78,48,3,1,2,1,0,0,4
7,22.84,48,3,1,2,1,0,0,4
7,22.91,48,3,1,2,1,0,0,4
7,22.97,48,3,1,2,1,0,0,4
7,23.03,48,3,1,2,1,0,0,4
7,23.09,48,3,1,2,1,0,0,4
7,23.15,47,3,1,2,1,0,0,5
7,23.21,47,3,1,2,1,0,0,5
7,23.28,47,3,1,2,1,0,0,5
7,23.34,47,3,1,2,1,0,0,5
7,23.4,47,3,1,2,1,0,0,5
7,23.46,46,3,1,2,1,0,0,6
7,23.53,45,3,1,2,1,0,0,7
7,23.59,45,3,1,2,1,0,0,7
7,23.66,45,3,1,2,1,0,0,7
7,23.71,45,3,1,2,1,0,0,7
7,23.77,45,3,1,2,1,0,0,7
7,23.81,45,3,1,2,1,0,0,7
7,23.86,45,3,1,2,1,0,0,7
7,23.92,44,3,1,2,1,0,0,8
7,23.98,44,3,1,2,1,0,0,8
7,24.04,44,3,1,2,1,0,0,8
7,24.09,44,3,1,2,1,0,0,8
7,24.14,44,3,1,2,1,0,0,8
7,24.2,44,3,1,2,1,0,0,8
7,24.25,44,3,1,2,1,0,0,8
7,24.31,44,3,1,2,1,0,0,8
7,24.36,44,3,1,2,1,0,0,8
7,24.41,44,3,1,2,1,0,0,8
7,24.46,44,3,1,2,1,0,0,8
7,24.52,44,3,1,2,1,0,0,8
7,24.61,44,3,1,2,1,0,0,8
7,24.68,44,3,1,2,1,0,0,8
7,24.73,44,3,1,2,1,0,0,8
7,24.8,44,3,1,2,1,0,0,8
7,24.87,44,3,1,2,1,0,0,8
7,24.94,44,3,1,2,1,0,0,8
7,25.0,44,3,1,2,1,0,0,8
7,25.07,44,3,1,2,1,0,0,8
7,25.13,44,3,1,2,1,0,0,8
7,25.22,44,3,1,2,1,0,0,8
7,25.28,44,3,1,2,1,0,0,8
7,25.35,44,3,1,2,1,0,0,8
7,25.4,44,3,1,2,1,0,0,8
7,25.46,44,3,1,2,1,0,0,8
7,25.51,44,3,1,2,1,0,0,8
7,25.56,44,3,1,2,1,0,0,8
7,25.63,44,3,1,2,1,0,0,8
7,25.69,44,3,1,2,1,0,0,8
7,25.78,44,3,1,2,1,0,0,8
7,25.84,44,3,1,2,1,0,0,8
7,25.91,44,3,1,2,1,0,0,8
7,26.0,44,3,1,2,1,0,0,8
7,26.07,44,3,1,2,1,0,0,8
7,26.14,44,3,1,2,1,0,0,8
7,26.2,44,3,1,2,1,0,0,8
7,26.27,44,3,1,2,1,0,0,8
7,26.33,44,3,1,2,1,0,0,8
7,27.24,44,3,1,2,1,0,0,8
7,27.29,44,3,1,2,1,0,0,8
7,28.92,44,3,1,2,1,0,0,8
7,28.96,43,3,1,2,1,0,0,9
7,29.03,43,3,1,2,1,0,0,9
7,29.12,43,3,1,2,1,0,0,9
7,29.18,43,3,1,2,1,0,0,9
7,29.24,43,3,1,2,1,0,0,9
7,29.31,43,3,1,2,1,0,0,9
7,29.36,43,3,1,2,1,0,0,9
7,29.42,43,3,1,2,1,0,0,9
7,29.47,43,3,1,2,1,0,0,9
7,29.53,43,3,1,2,1,0,0,9
7,29.58,43,3,1,2,1,0,0,9
7,29.64,43,3,1,2,1,0,0,9
7,29.72,43,3,1,2,1,0,0,9
7,29.77,43,3,1,2,1,0,0,9
7,29.84,43,3,1,2,1,0,0,9
7,29.9,43,3,1,2,1,0,0,9
7,29.97,43,3,1,2,1,0,0,9
7,30.05,43,3,1,2,1,0,0,9
7,30.29,43,3,1,2,1,0,0,9
7,30.35,43,3,1,2,1,0,0,9
7,30.43,43,3,1,2,1,0,0,9
7,30.49,43,3,1,2,1,0,0,9
7,30.57,43,3,1,2,1,0,0,9
7,30.64,43,3,1,2,1,0,0,9
7,30.71,42,3,1,2,1,0,0,10
7,30.78,42,3,1,2,1,0,0,10
7,30.87,42,3,1,2,1,0,0,10
7,30.93,42,3,1,2,1,0,0,10
7,30.99,42,3,1,2,1,0,0,10
7,31.05,42,3,1,2,1,0,0,10
7,31.1,42,3,1,2,1,0,0,10
7,31.16,42,3,1,2,1,0,0,10
7,31.24,42,3,1,2,1,0,0,10
7,31.31,42,3,1,2,1,0,0,10
7,31.38,42,3,1,2,1,0,0,10
7,31.47,42,3,1,2,1,0,0,10
7,31.52,42,3,1,2,1,0,0,10
7,31.57,42,3,1,2,1,0,0,10
7,31.63,42,3,1,2,1,0,0,10
7,31.68,41,3,1,2,1,0,0,11
7,31.74,41,3,1,2,1,0,0,11
7,31.79,41,3,1,2,1,0,0,11
7,31.84,40,3,1,2,1,0,0,12
7,31.9,40,3,1,2,1,0,0,12
7,31.95,40,3,1,2,1,0,0,12
7,32.0,40,3,1,2,1,0,0,12
7,32.05,40,3,1,2,1,0,0,12
7,32.09,40,3,1,2,1,0,0,12
7,32.15,39,3,1,2,1,0,0,13
7,32.21,38,3,1,2,1,0,0,14
7,32.26,38,3,1,2,1,0,0,14
7,32.32,38,3,1,2,1,0,0,14
7,32.37,38,3,1,2,1,0,0,14
7,32.42,38,3,1,2,1,0,0,14
7,32.47,38,3,1,2,1,0,0,14
7,32.51,38,3,1,2,1,0,0,14
7,32.55,38,3,1,2,1,0,0,14
7,32.59,38,3,1,2,1,0,0,14
7,32.64,38,3,1,2,1,0,0,14
7,32.68,38,3,1,2,1,0,0,14
7,32.72,38,3,1,2,1,0,0,14
7,32.76,38,3,1,2,1,0,0,14
7,32.81,38,3,1,2,1,0,0,14
7,32.86,38,3,1,2,1,0,0,14
7,32.92,38,3,1,2,1,0,0,14
7,32.97,38,3,1,2,1,0,0,14
7,33.04,37,3,1,2,1,0,0,15
7,33.11,37,3,1,2,1,0,0,15
7,33.17,37,3,1,2,1,0,0,15
7,33.23,37,3,1,2,1,0,0,15
7,33.28,37,3,1,2,1,0,0,15
7,33.33,37,3,1,2,1,0,0,15
7,33.38,37,3,1,2,1,0,0,15
7,33.45,37,3,1,2,1,0,0,15
7,33.5,37,3,1,2,1,0,0,15
7,33.55,37,3,1,2,1,0,0,15
7,33.61,37,3,1,2,1,0,0,15
7,33.67,37,3,1,2,1,0,0,15
7,33.73,37,3,1,2,1,0,0,15
7,33.79,37,3,1,2,1,0,0,15
7,33.85,37,3,1,2,1,0,0,15
7,33.92,37,3,1,2,1,0,0,15
7,34.01,37,3,1,2,1,0,0,15
7,34.07,37,3,1,2,1,0,0,15
7,34.14,37,3,1,2,1,0,0,15
7,34.21,37,3,1,2,1,0,0,15
7,34.27,37,3,1,2,1,0,0,15
7,34.34,37,3,1,2,1,0,0,15
7,34.41,37,3,1,2,1,0,0,15
7,34.48,37,3,1,2,1,0,0,15
7,34.55,37,3,1,2,1,0,0,15
7,34.61,37,3,1,2,1,0,0,15
7,34.67,37,3,1,2,1,0,0,15
7,34.87,37,3,1,2,1,0,0,15
7,35.08,37,3,1,2,1,0,0,15
7,35.13,37,3,1,2,1,0,0,15
7,35.2,37,3,1,2,1,0,0,15
7,35.25,37,3,1,2,1,0,0,15
7,35.3,37,3,1,2,1,0,0,15
7,35.36,37,3,1,2,1,0,0,15
7,35.4,37,3,1,2,1,0,0,15
7,35.45,37,3,1,2,1,0,0,15
7,35.49,37,3,1,2,1,0,0,15
7,35.54,37,3,1,2,1,0,0,15
7,35.58,37,3,1,2,1,0,0,15
7,35.64,37,3,1,2,1,0,0,15
7,35.72,37,3,1,2,1,0,0,15
7,35.78,37,3,1,2,1,0,0,15
7,35.85,37,3,1,2,1,0,0,15
7,35.9,37,3,1,2,1,0,0,15
7,35.96,37,3,1,2,1,0,0,15
7,36.01,37,3,1,2,1,0,0,15
7,36.06,37,3,1,2,1,0,0,15
7,36.1,37,3,1,2,1,0,0,15
7,36.15,36,3,1,2,1,0,0,16
7,36.22,36,3,1,2,1,0,0,16
7,36.26,36,3,1,2,1,0,0,16
7,36.31,36,3,1,2,1,0,0,16
7,36.36,36,3,1,2,1,0,0,16
7,36.41,36,3,1,2,1,0,0,16
7,36.46,36,3,1,2,1,0,0,16
7,36.52,36,3,1,2,1,0,0,16
7,36.56,36,3,1,2,1,0,0,16
7,36.61,35,3,1,2,1,0,0,17
7,36.66,35,3,1,2,1,0,0,17
7,36.71,34,3,1,2,1,0,0,18
7,36.76,34,3,1,2,1,0,0,18
7,36.82,34,3,1,2,1,0,0,18
7,36.86,34,3,1,2,1,0,0,18
7,36.91,34,3,1,2,1,0,0,18
7,36.95,34,3,1,2,1,0,0,18
7,36.99,34,3,1,2,1,0,0,18
7,37.04,34,3,1,2,1,0,0,18
7,37.08,34,3,1,2,1,0,0,18
7,37.13,34,3,1,2,1,0,0,18
7,37.18,34,3,1,2,1,0,0,18
7,37.22,34,3,1,2,1,0,0,18
7,37.26,34,3,1,2,1,0,0,18
7,37.32,34,3,1,2,1,0,0,18
7,37.38,34,3,1,2,1,0,0,18
7,37.43,34,3,1,2,1,0,0,18
7,37.48,34,3,1,2,1,0,0,18
7,37.54,34,3,1,2,1,0,0,18
7,37.6,34,3,1,2,1,0,0,18
7,37.65,34,3,1,2,1,0,0,18
7,37.7,34,3,1,2,1,0,0,18
7,37.75,34,3,1,2,1,0,0,18
7,37.8,33,3,1,2,1,0,0,19
7,37.85,33,3,1,2,1,0,0,19
7,37.91,33,3,1,2,1,0,0,19
7,37.96,33,3,1,2,1,0,0,19
7,38.01,33,3,1,2,1,0,0,19
7,38.06,33,3,1,2,1,0,0,19
7,38.11,33,3,1,2,1,0,0,19
7,38.16,33,3,1,2,1,0,0,19
7,38.21,33,3,1,2,1,0,0,19
7,38.26,33,3,1,2,1,0,0,19
7,38.32,33,3,1,2,1,0,0,19
7,38.37,33,3,1,2,1,0,0,19
7,38.42,33,3,1,2,1,0,0,19
7,38.48,33,3,1,2,1,0,0,19
7,38.53,33,3,1,2,1,0,0,19
7,38.58,33,3,1,2,1,0,0,19
7,38.64,33,3,1,2,1,0,0,19
7,38.7,33,3,1,2,1,0,0,19
7,38.77,33,3,1,2,1,0,0,19
7,38.84,33,3,1,2,1,0,0,19
7,38.92,33,3,1,2,1,0,0,19
7,38.99,33,3,1,2,1,0,0,19
7,39.07,33,3,1,2,1,0,0,19
7,39.15,33,3,1,2,1,0,0,19
7,39.22,33,3,1,2,1,0,0,19
7,39.3,33,3,1,2,1,0,0,19
7,39.36,33,3,1,2,1,0,0,19
7,39.42,33,3,1,2,1,0,0,19
7,39.48,33,3,1,2,1,0,0,19
7,39.54,33,3,1,2,1,0,0,19
7,39.59,33,3,1,2,1,0,0,19
7,39.65,33,3,1,2,1,0,0,19
7,39.7,33,3,1,2,1,0,0,19
7,39.76,33,3,1,2,1,0,0,19
7,39.82,33,3,1,2,1,0,0,19
7,39.87,33,3,1,2,1,0,0,19
7,39.93,33,3,1,2,1,0,0,19
7,39.98,33,3,1,2,1,0,0,19
7,40.06,33,3,1,2,1,0,0,19
7,40.14,33,3,1,2,1,0,0,19
7,40.25,33,3,1,2,1,0,0,19
7,40.3,33,3,1,2,1,0,0,19
7,40.35,33,3,1,2,1,0,0,19
7,40.43,33,3,1,2,1,0,0,19
7,40.47,33,3,1,2,1,0,0,19
7,40.52,33,3,1,2,1,0,0,19
7,40.57,33,3,1,2,1,0,0,19
7,40.62,33,3,1,2,1,0,0,19
7,40.66,33,3,1,2,1,0,0,19
7,40.7,33,3,1,2,1,0,0,19
7,40.75,33,3,1,2,1,0,0,19
7,40.8,33,3,1,2,1,0,0,19
7,40.85,33,3,1,2,1,0,0,19
7,40.91,33,3,1,2,1,0,0,19
7,40.96,33,3,1,2,1,0,0,19
7,41.0,33,3,1,2,1,0,0,19
7,41.06,33,3,1,2,1,0,0,19
7,41.11,33,3,1,2,1,0,0,19
7,41.15,33,3,1,2,1,0,0,19
7,41.21,33,3,1,2,1,0,0,19
7,41.25,33,3,1,2,1,0,0,19
7,41.31,33,3,1,2,1,0,0,19
7,41.35,33,3,1,2,1,0,0,19
7,41.39,33,3,1,2,1,0,0,19
7,41.43,33,3,1,2,1,0,0,19
7,41.49,33,3,1,2,1,0,0,19
7,41.55,33,3,1,2,1,0,0,19
7,41.59,33,3,1,2,1,0,0,19
7,41.63,33,3,1,2,1,0,0,19
7,41.67,33,3,1,2,1,0,0,19
7,41.72,33,3,1,2,1,0,0,19
7,41.76,33,3,1,2,1,0,0,19
7,41.8,33,3,1,2,1,0,0,19
7,41.85,33,3,1,2,1,0,0,19
7,41.9,33,3,1,2,1,0,0,19
7,41.95,33,3,1,2,1,0,0,19
7,41.99,33,3,1,2,1,0,0,19
7,42.03,33,3,1,2,1,0,0,19
7,42.08,33,3,1,2,1,0,0,19
7,42.12,33,3,1,2,1,0,0,19
7,42.17,33,3,1,2,1,0,0,19
7,42.23,33,3,1,2,1,0,0,19
7,42.28,33,3,1,2,1,0,0,19
7,42.32,33,3,1,2,1,0,0,19
7,42.37,33,3,1,2,1,0,0,19
7,42.41,33,3,1,2,1,0,0,19
7,42.46,33,3,1,2,1,0,0,19
7,42.5,33,3,1,2,1,0,0,19
7,42.54,33,3,1,2,1,0,0,19
7,42.58,33,3,1,2,1,0,0,19
7,42.66,33,3,1,2,1,0,0,19
